"last_name, first_name","player_id","team_name_alt","pitch_type","pitch_name","run_value_per_100","run_value","pitches","pitch_usage","pa","ba","slg","woba","whiff_percent","k_percent","put_away","est_ba","est_slg","est_woba","hard_hit_percent"
"Soriano, José",667755,"LAA","SI","Sinker",0.1,1,"672",51.2,"205","0.293","0.356","0.346",18.8,10.2,18.8,"0.284","0.387","0.35",51.6
"Peralta, Freddy",642547,"MIL","FF","4-Seam Fastball",0.6,5,"797",59.7,"202","0.209","0.372","0.314",22.9,20.8,16.9,"0.258","0.465","0.36",38.3
"Ray, Robbie",592662,"SF","FF","4-Seam Fastball",1.6,11,"693",52.7,"186","0.184","0.276","0.261",23.7,29.6,24.7,"0.19","0.319","0.271",39.1
"Parker, Mitchell",680730,"WSH","FF","4-Seam Fastball",1.4,8,"624",55.3,"174","0.194","0.292","0.28",12.3,8,9.7,"0.269","0.457","0.367",53
"Sale, Chris",519242,"ATL","SL","Slider",1.9,13,"665",48.5,"171","0.153","0.229","0.206",41,45,27.5,"0.148","0.237","0.205",19.8
"Ryan, Joe",657746,"MIN","FF","4-Seam Fastball",2,13,"637",54.4,"170","0.174","0.323","0.242",28.4,32.4,25.8,"0.183","0.402","0.269",40.6
"Cease, Dylan",656302,"SD","SL","Slider",1.2,8,"644",49.4,"169","0.195","0.325","0.273",43.2,39.1,26,"0.193","0.339","0.266",34.8
"Francis, Bowden",670102,"TOR","FF","4-Seam Fastball",-0.7,-4,"616",57.7,"168","0.283","0.507","0.364",15.2,15.5,15.1,"0.286","0.474","0.356",52.7
"Gausman, Kevin",592332,"TOR","FF","4-Seam Fastball",0.9,6,"662",54.1,"167","0.248","0.431","0.32",18.8,19.8,16.3,"0.272","0.498","0.353",46.3
"Pallante, Andre",669467,"STL","FF","4-Seam Fastball",0.7,4,"555",48.6,"165","0.267","0.487","0.364",16.7,10.3,14.7,"0.305","0.525","0.382",51.5
"Fried, Max",608331,"NYY","FF","4-Seam Fastball",3.1,17,"567",42.9,"165","0.149","0.234","0.214",21.8,23,19.5,"0.228","0.363","0.28",36.8
"Kochanowicz, Jack",686799,"LAA","SI","Sinker",-1,-5,"518",47.1,"162","0.319","0.468","0.386",15.5,8,11.6,"0.295","0.424","0.361",52.7
"Brown, Ben",676962,"CHC","FF","4-Seam Fastball",-0.5,-4,"668",57.1,"161","0.313","0.486","0.39",17.3,16.1,17.3,"0.307","0.61","0.42",49.2
"Senzatela, Antonio",622608,"COL","FF","4-Seam Fastball",-1.1,-7,"597",53.1,"161","0.369","0.504","0.432",11.1,8.1,8.7,"0.342","0.516","0.41",49.6
"Sánchez, Cristopher",650911,"PHI","SI","Sinker",-0.4,-2,"564",48.7,"157","0.319","0.42","0.389",16,15.3,23.3,"0.276","0.405","0.342",49.1
"Gallen, Zac",668678,"AZ","FF","4-Seam Fastball",-0.1,-1,"619",46.6,"157","0.245","0.417","0.328",14.2,16.6,16.6,"0.271","0.488","0.362",49.1
"Bassitt, Chris",605135,"TOR","SI","Sinker",0.5,3,"555",42.4,"151","0.29","0.399","0.352",12.9,13.9,17.4,"0.282","0.434","0.34",39.3
"Patrick, Chad",694477,"MIL","FC","Cutter",1.3,7,"553",44.4,"150","0.234","0.365","0.284",24.3,24,20.5,"0.244","0.401","0.301",36.5
"Pepiot, Ryan",686752,"TB","FF","4-Seam Fastball",-0.3,-2,"585",45.5,"148","0.258","0.508","0.369",24.5,27,21.4,"0.251","0.473","0.362",53.9
"Pivetta, Nick",601713,"SD","FF","4-Seam Fastball",1.6,9,"548",48.3,"146","0.218","0.346","0.278",25.4,28.8,27.3,"0.254","0.458","0.342",52.2
"Gore, MacKenzie",669022,"WSH","FF","4-Seam Fastball",0.6,4,"683",50.1,"145","0.287","0.426","0.34",21.4,16.6,14.7,"0.293","0.481","0.363",45.4
"Greene, Hunter",668881,"CIN","FF","4-Seam Fastball",1.6,9,"561",57.4,"145","0.222","0.363","0.279",21.3,26.2,17.7,"0.23","0.415","0.299",49
"Brown, Ben",676962,"CHC","CU","Curveball",-0.2,-1,"453",38.8,"144","0.244","0.356","0.282",43.4,38.2,27.9,"0.221","0.322","0.258",42
"Castillo, Luis",622491,"SEA","FF","4-Seam Fastball",1.2,7,"581",46.9,"144","0.195","0.336","0.274",24.8,24.3,16.8,"0.213","0.434","0.315",48.9
"Bradley, Taj",671737,"TB","FF","4-Seam Fastball",-0.4,-2,"516",44.6,"144","0.262","0.492","0.384",16.5,13.9,16.7,"0.256","0.398","0.344",38.2
"Valdez, Framber",664285,"HOU","SI","Sinker",1.8,10,"557",46.3,"143","0.242","0.328","0.285",11.3,6.3,15.3,"0.312","0.445","0.36",45.9
"Paddack, Chris",663978,"MIN","FF","4-Seam Fastball",1.1,7,"574",49.7,"140","0.226","0.315","0.277",17.7,17.1,12.1,"0.263","0.434","0.327",49
"deGrom, Jacob",594798,"TEX","FF","4-Seam Fastball",1.1,6,"519",46.9,"140","0.203","0.391","0.285",23.7,25,21.9,"0.225","0.395","0.296",43.6
"Kikuchi, Yusei",579328,"LAA","SL","Slider",0.6,3,"509",38.3,"137","0.239","0.385","0.355",21.9,19,19.8,"0.272","0.52","0.406",41.2
"Sears, JP",676664,"ATH","FF","4-Seam Fastball",-1.1,-5,"486",38.9,"134","0.317","0.563","0.396",15.5,18.7,13.4,"0.32","0.615","0.407",55.9
"Webb, Logan",657277,"SF","SI","Sinker",1.6,8,"510",37.7,"134","0.256","0.376","0.309",11.1,19.4,26.8,"0.28","0.427","0.33",45.5
"Williams, Trevor",592866,"WSH","FF","4-Seam Fastball",-1.3,-6,"447",39.7,"133","0.344","0.549","0.408",12.8,15.8,14.4,"0.304","0.476","0.361",51
"Falter, Bailey",663559,"PIT","FF","4-Seam Fastball",1.1,5,"467",41.8,"132","0.23","0.363","0.305",14.4,15.2,15.3,"0.242","0.383","0.315",45.8
"Singer, Brady",663903,"CIN","SI","Sinker",-0.7,-3,"491",42.2,"132","0.245","0.481","0.373",16.5,20.5,19.1,"0.237","0.45","0.363",54.9
"Sale, Chris",519242,"ATL","FF","4-Seam Fastball",-0.6,-3,"578",42.2,"132","0.33","0.509","0.405",22.7,18.9,17.4,"0.293","0.457","0.37",41.6
"Mahle, Tyler",641816,"TEX","FF","4-Seam Fastball",0.6,3,"609",49.3,"132","0.207","0.319","0.284",23.1,22.7,14.4,"0.259","0.46","0.352",48.8
"Anderson, Tyler",542881,"LAA","FF","4-Seam Fastball",0.8,4,"476",39,"131","0.233","0.408","0.331",15.3,12.2,11.3,"0.272","0.546","0.373",43.8
"Rea, Colin",607067,"CHC","FF","4-Seam Fastball",0.3,1,"480",47.4,"130","0.303","0.487","0.363",15.3,16.9,18,"0.289","0.503","0.362",50
"Flaherty, Jack",656427,"DET","FF","4-Seam Fastball",0.1,1,"543",45.1,"130","0.239","0.47","0.348",13.4,21.5,17.2,"0.275","0.539","0.373",44.4
"Boyd, Matthew",571510,"CHC","FF","4-Seam Fastball",0.7,4,"554",46.9,"128","0.294","0.445","0.332",16.7,18.8,16.7,"0.283","0.454","0.335",49
"Crochet, Garrett",676979,"BOS","FF","4-Seam Fastball",-0.2,-1,"596",42.8,"128","0.25","0.438","0.358",31.7,32.8,25,"0.21","0.4","0.313",45.7
"Woo, Bryan",693433,"SEA","FF","4-Seam Fastball",1.4,7,"494",42.5,"128","0.178","0.356","0.248",28.5,27.3,22,"0.204","0.393","0.278",34.9
"Williams, Gavin",668909,"CLE","FF","4-Seam Fastball",-1.7,-9,"538",44.6,"127","0.315","0.546","0.424",24.2,15.7,14.1,"0.325","0.584","0.432",46.6
"Bubic, Kris",663460,"KC","FF","4-Seam Fastball",0.8,4,"460",38.3,"127","0.233","0.362","0.301",31.2,29.1,27.4,"0.225","0.384","0.297",36.7
"Heaney, Andrew",571760,"PIT","FF","4-Seam Fastball",0.7,3,"514",45.3,"126","0.217","0.425","0.333",20.3,19,14.2,"0.261","0.474","0.37",57.8
"Hendricks, Kyle",543294,"LAA","CH","Changeup",0.3,1,"423",37.3,"124","0.227","0.403","0.279",21.5,15.3,12.4,"0.236","0.411","0.289",31.7
"Valdez, Framber",664285,"HOU","CU","Curveball",0.9,3,"391",32.5,"124","0.178","0.243","0.254",46.8,45.2,32.9,"0.169","0.231","0.245",45.1
"Hicks, Jordan",663855,"SF","SI","Sinker",-1.1,-5,"441",53.5,"124","0.321","0.472","0.403",9,11.3,18.9,"0.313","0.429","0.371",50.5
"Baz, Shane",669358,"TB","FF","4-Seam Fastball",0.4,2,"557",48.1,"123","0.255","0.402","0.354",21.3,21.1,20.6,"0.249","0.419","0.355",43.4
"Holmes, Clay",605280,"NYM","SI","Sinker",0.8,3,"428",36.9,"123","0.301","0.437","0.368",13.4,9.8,18.8,"0.302","0.486","0.393",55.3
"Meyer, Max",676974,"MIA","SL","Slider",0.5,2,"365",35.1,"122","0.209","0.382","0.284",42.4,41.8,32.3,"0.225","0.39","0.309",55.7
"Rodón, Carlos",607074,"NYY","SL","Slider",2.7,11,"388",28.6,"122","0.1","0.173","0.181",43.5,45.1,30.2,"0.155","0.248","0.224",32.7
"Burke, Sean",680732,"CWS","FF","4-Seam Fastball",0.1,0,"472",39.8,"121","0.214","0.337","0.324",24.1,24,18.2,"0.201","0.395","0.334",41.4
"deGrom, Jacob",594798,"TEX","SL","Slider",1.9,8,"437",39.5,"121","0.184","0.281","0.231",37.5,28.1,24.3,"0.216","0.339","0.265",36.3
"Fedde, Erick",607200,"STL","SI","Sinker",1.1,5,"446",38.5,"121","0.241","0.352","0.312",10.8,14.9,17.6,"0.296","0.437","0.356",50
"Roupp, Landen",694738,"SF","SI","Sinker",-0.8,-3,"430",38.4,"121","0.364","0.473","0.411",8.5,13.2,22.9,"0.303","0.415","0.345",41.5
"Priester, Quinn",682990,"MIL","SI","Sinker",0,0,"445",44.9,"121","0.274","0.377","0.345",9.9,11.6,16.9,"0.313","0.433","0.367",47.3
"Cease, Dylan",656302,"SD","FF","4-Seam Fastball",-0.6,-3,"496",38.1,"121","0.282","0.476","0.362",26.3,19.8,17.5,"0.28","0.506","0.373",48.8
"Burnes, Corbin",669203,"AZ","FC","Cutter",0.3,2,"554",54.9,"121","0.257","0.446","0.367",21.7,14,14.9,"0.266","0.415","0.354",43.5
"Smith, Shane",681343,"CWS","FF","4-Seam Fastball",1.9,9,"469",43.3,"120","0.206","0.284","0.283",25.5,21.7,22,"0.233","0.371","0.323",39
"May, Dustin",669160,"LAD","SI","Sinker",-0.4,-2,"416",39.4,"120","0.282","0.505","0.385",10.8,9.2,22,"0.342","0.6","0.439",55.3
"Crochet, Garrett",676979,"BOS","FC","Cutter",2.1,8,"409",29.4,"120","0.209","0.304","0.246",26.5,23.3,24.8,"0.24","0.381","0.287",30.7
"Holmes, Grant",656550,"ATL","SL","Slider",1.6,6,"403",33.3,"119","0.145","0.245","0.208",38.8,31.9,24.7,"0.212","0.381","0.284",43.1
"Abbott, Andrew",671096,"CIN","FF","4-Seam Fastball",1.8,9,"475",47.5,"118","0.183","0.327","0.276",22.2,28,21.6,"0.194","0.381","0.297",36.6
"Springs, Jeffrey",605488,"ATH","FF","4-Seam Fastball",-0.9,-5,"517",41.4,"118","0.252","0.476","0.34",15.9,20.3,17.1,"0.271","0.503","0.367",40.2
"Irvin, Jake",663623,"WSH","CU","Curveball",-0.2,-1,"468",36.3,"118","0.227","0.464","0.346",23.7,22.9,17.3,"0.265","0.518","0.356",42.2
"Luzardo, Jesús",666200,"PHI","FF","4-Seam Fastball",-0.7,-3,"462",35.2,"117","0.324","0.491","0.378",18.1,17.9,16.5,"0.316","0.509","0.379",50.6
"Roupp, Landen",694738,"SF","CU","Curveball",0.6,3,"443",39.6,"117","0.157","0.314","0.254",38.7,32.5,27,"0.17","0.295","0.251",14.9
"Megill, Tylor",656731,"NYM","FF","4-Seam Fastball",0.6,3,"491",42.6,"117","0.224","0.388","0.326",28.1,35,27.2,"0.23","0.4","0.347",48.3
"Nelson, Ryne",669194,"AZ","FF","4-Seam Fastball",1.4,6,"441",59.3,"117","0.21","0.343","0.284",16.9,22.2,18.6,"0.256","0.38","0.317",40.5
"Hendricks, Kyle",543294,"LAA","SI","Sinker",-0.3,-1,"410",36.2,"117","0.275","0.402","0.347",8.7,12,12.3,"0.267","0.365","0.325",33.7
"Berríos, José",621244,"TOR","SI","Sinker",0.7,3,"385",31.1,"115","0.231","0.385","0.302",12,16.5,25,"0.284","0.506","0.371",45.3
"Skenes, Paul",694973,"PIT","FF","4-Seam Fastball",1.6,8,"483",35,"115","0.196","0.327","0.264",26.3,28.7,21.7,"0.206","0.382","0.28",48.6
"Schwellenbach, Spencer",680885,"ATL","FF","4-Seam Fastball",1.7,8,"465",35.9,"115","0.223","0.357","0.263",27.2,25.2,21.6,"0.293","0.503","0.342",57.1
"Gausman, Kevin",592332,"TOR","FS","Split-Finger",1.6,7,"460",37.6,"115","0.156","0.229","0.184",36,33.9,20.1,"0.183","0.27","0.211",23.6
"Dollander, Chase",801403,"COL","FF","4-Seam Fastball",-1.8,-8,"453",55.2,"114","0.283","0.62","0.447",21.2,14.9,15,"0.296","0.635","0.443",49.4
"Rodón, Carlos",607074,"NYY","FF","4-Seam Fastball",0.8,5,"557",41,"114","0.206","0.441","0.32",22.9,21.9,19.1,"0.218","0.445","0.319",46.2
"Ober, Bailey",641927,"MIN","FF","4-Seam Fastball",1.3,5,"415",37.7,"113","0.243","0.369","0.306",18.2,12.4,12,"0.277","0.508","0.355",42.9
"Wheeler, Zack",554430,"PHI","FF","4-Seam Fastball",2.2,12,"538",41.5,"113","0.149","0.267","0.232",31.4,35.4,25.6,"0.18","0.313","0.26",44.3
"Rodriguez, Eduardo",593958,"AZ","FF","4-Seam Fastball",-1,-4,"422",45.4,"112","0.303","0.515","0.381",23.9,27.7,29.2,"0.244","0.403","0.315",37.1
"Irvin, Jake",663623,"WSH","FF","4-Seam Fastball",-0.9,-4,"397",30.8,"111","0.237","0.423","0.334",15.4,15.3,13.4,"0.301","0.632","0.429",51.2
"May, Dustin",669160,"LAD","ST","Sweeper",0.8,3,"433",41,"111","0.219","0.324","0.27",30.1,36,28,"0.21","0.323","0.254",29.2
"Littell, Zack",641793,"TB","SL","Slider",-1,-4,"395",32.3,"111","0.313","0.576","0.4",18.4,11.7,19.1,"0.345","0.658","0.446",48.9
"Anderson, Tyler",542881,"LAA","CH","Changeup",-1,-4,"406",33.2,"110","0.253","0.444","0.337",41.9,30,22,"0.214","0.359","0.288",21.2
"Baz, Shane",669358,"TB","CU","Curveball",0.2,1,"365",31.5,"110","0.223","0.311","0.274",22.9,27.3,20.7,"0.235","0.326","0.267",40.5
"Keller, Mitch",656605,"PIT","FF","4-Seam Fastball",1,4,"427",32.9,"109","0.245","0.367","0.308",17.5,18.3,17.9,"0.302","0.449","0.36",38.5
"Verlander, Justin",434378,"SF","FF","4-Seam Fastball",-0.6,-2,"425",49.5,"107","0.253","0.516","0.382",21,16.8,16.7,"0.314","0.612","0.425",42.9
"Severino, Luis",622663,"ATH","SI","Sinker",1.1,3,"310",22.7,"107","0.25","0.406","0.326",10,12.1,16.7,"0.284","0.406","0.332",40.5
"Taillon, Jameson",592791,"CHC","FF","4-Seam Fastball",-0.1,0,"450",39.3,"106","0.214","0.469","0.313",18,17.9,14.3,"0.249","0.502","0.34",45
"Springs, Jeffrey",605488,"ATH","CH","Changeup",0.5,2,"312",25,"105","0.184","0.306","0.279",42.3,26.7,20.7,"0.199","0.3","0.24",23.9
"Sánchez, Cristopher",650911,"PHI","CH","Changeup",1.6,7,"399",34.5,"105","0.126","0.179","0.197",46.8,45.7,30,"0.176","0.215","0.222",21.3
"López, Pablo",641154,"MIN","FF","4-Seam Fastball",1.5,6,"430",42.7,"105","0.268","0.351","0.311",22.4,19,16.8,"0.295","0.422","0.338",42.9
"Woo, Bryan",693433,"SEA","SI","Sinker",2.1,7,"309",26.6,"105","0.267","0.327","0.283",10,16.2,26.2,"0.274","0.367","0.289",43.5
"Elder, Bryce",693821,"ATL","SL","Slider",2,7,"350",39,"104","0.184","0.347","0.254",28.7,25,22.6,"0.225","0.396","0.282",42.5
"Mahle, Tyler",641816,"TEX","FS","Split-Finger",1.1,4,"335",27.1,"104","0.198","0.292","0.251",22.7,19.2,16.9,"0.255","0.395","0.31",28.6
"Canning, Griffin",656288,"NYM","SL","Slider",0,0,"360",32,"104","0.255","0.404","0.335",33,23.1,18.8,"0.264","0.467","0.348",47.1
"Skubal, Tarik",669373,"DET","CH","Changeup",3.2,12,"359",30.7,"104","0.167","0.186","0.162",49.3,47.1,33.8,"0.171","0.229","0.178",24.1
"Morton, Charlie",450203,"BAL","CU","Curveball",-1.5,-6,"383",36.9,"103","0.258","0.449","0.36",34.3,26.2,18.4,"0.25","0.411","0.328",37.5
"Lord, Brad",695418,"WSH","FF","4-Seam Fastball",0,0,"410",53.5,"103","0.259","0.365","0.353",23.5,22.3,17,"0.29","0.414","0.364",43.8
"Senga, Kodai",673540,"NYM","FS","Split-Finger",1.6,5,"318",29,"103","0.118","0.183","0.204",41.6,41.7,23.8,"0.143","0.239","0.215",26
"Hanifee, Brenan",669724,"DET","SI","Sinker",0,0,"383",69.1,"103","0.263","0.411","0.352",13.2,11.7,16.9,"0.278","0.443","0.332",41.7
"Burke, Sean",680732,"CWS","SL","Slider",-1.7,-6,"328",27.7,"103","0.253","0.516","0.375",27,15.5,18,"0.28","0.55","0.37",38.8
"Hancock, Emerson",676106,"SEA","SI","Sinker",-3,-9,"314",35.6,"102","0.375","0.602","0.458",9,8.8,16.7,"0.347","0.52","0.416",41.8
"Singer, Brady",663903,"CIN","SL","Slider",0.7,3,"389",33.4,"101","0.196","0.351","0.244",26.8,19.8,14.7,"0.255","0.437","0.305",35.9
"Márquez, Germán",608566,"COL","FF","4-Seam Fastball",-2.6,-8,"302",30,"101","0.349","0.581","0.451",11.3,9.9,13.9,"0.311","0.507","0.392",48.7
"Woods Richardson, Simeon",680573,"MIN","FF","4-Seam Fastball",-0.8,-3,"369",47.2,"100","0.294","0.447","0.386",26.5,25,23.6,"0.277","0.539","0.397",60
"Kikuchi, Yusei",579328,"LAA","FF","4-Seam Fastball",-0.4,-2,"491",37,"100","0.293","0.402","0.344",20.6,26,16.9,"0.258","0.423","0.323",47
"Bello, Brayan",678394,"BOS","SI","Sinker",-0.2,-1,"352",38.5,"99","0.31","0.405","0.395",7.7,9.1,15.3,"0.303","0.386","0.356",36.8
"Littell, Zack",641793,"TB","FS","Split-Finger",-0.7,-2,"299",24.4,"99","0.265","0.418","0.298",24.1,28.3,20.6,"0.215","0.343","0.243",40
"Warren, Will",701542,"NYY","FF","4-Seam Fastball",1.8,7,"390",37.1,"98","0.148","0.247","0.256",28.8,34.7,27,"0.183","0.308","0.284",46.9
"Corbin, Patrick",571578,"TEX","SI","Sinker",1.3,4,"324",34,"98","0.221","0.372","0.29",13.2,18.4,17.6,"0.231","0.41","0.325",42.3
"Brown, Hunter",686613,"HOU","FF","4-Seam Fastball",3.3,15,"449",36.2,"98","0.098","0.098","0.135",33,48,28,"0.154","0.235","0.198",33.3
"Povich, Cade",700249,"BAL","FF","4-Seam Fastball",-0.2,-1,"402",36.7,"97","0.271","0.459","0.355",20.5,25.8,23.8,"0.326","0.696","0.463",58.1
"Peterson, David",656849,"NYM","SI","Sinker",1.2,4,"354",28.6,"97","0.247","0.346","0.327",12.3,6.2,13.6,"0.267","0.365","0.339",44.7
"Spence, Mitch",687765,"ATH","FC","Cutter",0.5,2,"371",47.7,"97","0.244","0.395","0.345",21.7,13.4,15.9,"0.301","0.538","0.387",54.7
"Ferrer, Jose A.",678606,"WSH","SI","Sinker",-0.2,-1,"368",69.7,"97","0.31","0.405","0.354",16.5,12.4,13.3,"0.266","0.37","0.32",38.7
"Bibee, Tanner",676440,"CLE","FF","4-Seam Fastball",0.4,1,"381",30.8,"97","0.244","0.467","0.333",13.9,13.4,13.4,"0.316","0.565","0.398",46.8
"Yamamoto, Yoshinobu",808967,"LAD","FF","4-Seam Fastball",1.9,9,"444",36.6,"96","0.193","0.229","0.261",15.3,22.9,21.6,"0.243","0.348","0.31",48.4
"Yamamoto, Yoshinobu",808967,"LAD","FS","Split-Finger",1.6,5,"336",27.7,"96","0.121","0.22","0.173",43.3,43.8,26.1,"0.155","0.236","0.196",36.7
"Vásquez, Randy",681190,"SD","FC","Cutter",-1.7,-6,"325",29,"96","0.299","0.468","0.403",19.4,15.6,17.6,"0.282","0.515","0.409",30.6
"Boyd, Matthew",571510,"CHC","CH","Changeup",-0.4,-1,"276",23.4,"96","0.244","0.4","0.33",32.9,21.9,22.3,"0.207","0.346","0.262",27.1
"Ragans, Cole",666142,"KC","FF","4-Seam Fastball",0.1,0,"424",48.6,"95","0.247","0.42","0.327",24.1,30.5,21.2,"0.213","0.409","0.309",43.6
"Pfaadt, Brandon",694297,"AZ","FF","4-Seam Fastball",-0.3,-1,"403",32.9,"95","0.302","0.5","0.369",15.2,10.5,10.1,"0.377","0.744","0.486",57.1
"Gusto, Ryan",687473,"HOU","FF","4-Seam Fastball",0.5,2,"416",47.2,"95","0.183","0.378","0.318",28.3,28.4,21.1,"0.222","0.422","0.331",41.8
"Holmes, Grant",656550,"ATL","FF","4-Seam Fastball",-2.6,-12,"446",36.9,"95","0.333","0.731","0.483",15.8,18.9,17.6,"0.302","0.641","0.442",50.8
"Kelly, Merrill",518876,"AZ","CH","Changeup",2.8,8,"306",24.1,"95","0.169","0.213","0.213",36.3,31.6,25.4,"0.224","0.296","0.254",42.4
"Sasaki, Roki",808963,"LAD","FF","4-Seam Fastball",0.2,0,"299",50.2,"95","0.253","0.494","0.385",10.1,8.4,14.5,"0.308","0.663","0.457",52.1
"Kahnle, Tommy",592454,"DET","CH","Changeup",2.8,10,"346",84,"92","0.148","0.239","0.201",26.6,22.8,22.8,"0.213","0.363","0.265",34.3
"Skubal, Tarik",669373,"DET","FF","4-Seam Fastball",1.3,4,"327",28,"92","0.226","0.31","0.26",30.5,32.6,20.8,"0.236","0.406","0.303",32.7
"Smith-Shawver, AJ",700363,"ATL","FF","4-Seam Fastball",0.3,1,"331",46.6,"92","0.278","0.392","0.359",17,8.7,13.8,"0.403","0.672","0.49",63.9
"Lodolo, Nick",666157,"CIN","CH","Changeup",2.2,6,"289",22.9,"92","0.172","0.322","0.251",19,10.9,15.2,"0.27","0.469","0.331",33.3
"Matz, Steven",571927,"STL","SI","Sinker",1.9,7,"361",61,"91","0.256","0.326","0.284",18.9,22,19,"0.254","0.404","0.298",50.7
"Ober, Bailey",641927,"MIN","CH","Changeup",1.1,3,"321",29.1,"90","0.207","0.287","0.231",30.7,30,18.6,"0.169","0.246","0.194",21.7
"Hill, Tim",657612,"NYY","SI","Sinker",1.3,4,"291",78.6,"90","0.229","0.349","0.301",13.2,11.1,15.4,"0.259","0.363","0.303",49.3
"Eovaldi, Nathan",543135,"TEX","FS","Split-Finger",1,3,"311",29.2,"90","0.181","0.265","0.232",37.3,36.7,26.8,"0.209","0.316","0.262",40
"Martin, Davis",663436,"CWS","CH","Changeup",0.2,1,"266",23.1,"90","0.213","0.326","0.278",20,15.6,14.1,"0.34","0.458","0.348",53.3
"Fedde, Erick",607200,"STL","FC","Cutter",0.3,1,"299",25.8,"90","0.275","0.412","0.334",20.4,15.6,20.6,"0.286","0.511","0.374",43.3
"Rasmussen, Drew",656876,"TB","FF","4-Seam Fastball",2.8,9,"338",33.5,"90","0.202","0.298","0.249",23.5,27.8,23.8,"0.228","0.341","0.274",47.5
"Quintana, Jose",500779,"MIL","SI","Sinker",0.3,1,"345",47.9,"89","0.26","0.416","0.352",16,19.1,22.1,"0.266","0.439","0.349",54.1
"Sugano, Tomoyuki",608372,"BAL","FS","Split-Finger",1.7,5,"297",26,"89","0.193","0.25","0.21",25.3,24.7,19.6,"0.247","0.367","0.268",27.3
"Pepiot, Ryan",686752,"TB","CH","Changeup",-0.2,-1,"298",23.2,"89","0.188","0.365","0.259",29.7,27,17.9,"0.239","0.407","0.29",40.3
"Peterson, David",656849,"NYM","SL","Slider",1.3,3,"256",20.7,"89","0.207","0.241","0.225",36.6,42.7,33.9,"0.205","0.276","0.219",55.1
"Clase, Emmanuel",661403,"CLE","FC","Cutter",0.2,1,"319",68.3,"88","0.3","0.425","0.344",32.4,23.9,24.1,"0.252","0.4","0.306",45.9
"Santillan, Tony",663574,"CIN","FF","4-Seam Fastball",1.7,5,"310",64,"88","0.173","0.321","0.248",20,20.5,15.3,"0.265","0.42","0.325",47.6
"Ashcraft, Graham",668933,"CIN","FC","Cutter",-1.8,-6,"327",60.2,"88","0.356","0.507","0.428",18.1,11.4,15.4,"0.308","0.468","0.388",35.4
"Gore, MacKenzie",669022,"WSH","CU","Curveball",0.7,2,"322",23.6,"88","0.198","0.309","0.256",46,51.1,31,"0.173","0.277","0.233",41.7
"Severino, Luis",622663,"ATH","FF","4-Seam Fastball",-0.1,0,"353",25.9,"88","0.289","0.373","0.316",19,17,14.9,"0.325","0.51","0.372",55.1
"Alcantara, Sandy",645261,"MIA","SI","Sinker",1.9,5,"268",24.1,"87","0.257","0.324","0.324",8.8,6.9,11.3,"0.278","0.388","0.345",37.7
"Giolito, Lucas",608337,"BOS","FF","4-Seam Fastball",-0.3,-1,"312",47,"87","0.355","0.421","0.376",18.3,18.4,21.1,"0.299","0.431","0.351",50
"Paddack, Chris",663978,"MIN","CH","Changeup",-0.1,0,"277",24,"87","0.205","0.333","0.282",26.7,19.5,17.3,"0.237","0.398","0.322",41.9
"Dobbins, Hunter",690928,"BOS","FF","4-Seam Fastball",0.2,1,"305",40.8,"87","0.313","0.475","0.373",13.3,13.8,16.2,"0.285","0.509","0.365",45.6
"Estrada, Jeremiah",669093,"SD","FF","4-Seam Fastball",0.3,1,"322",64.4,"86","0.257","0.405","0.329",27,30.2,23,"0.23","0.419","0.316",44.2
"Corbin, Patrick",571578,"TEX","SL","Slider",-0.5,-2,"341",35.7,"86","0.244","0.39","0.288",35.6,22.1,16.7,"0.252","0.409","0.297",32.8
"Gallen, Zac",668678,"AZ","CU","Curveball",-1,-3,"309",23.3,"86","0.213","0.427","0.349",43.3,45.3,31,"0.17","0.311","0.272",54.1
"Gray, Sonny",543243,"STL","ST","Sweeper",0.9,2,"242",21.2,"86","0.143","0.238","0.167",39,51.2,26,"0.173","0.284","0.202",26.8
"Ortiz, Luis L.",682847,"CLE","FF","4-Seam Fastball",-0.7,-2,"354",29.4,"86","0.26","0.438","0.37",32.9,29.1,23.4,"0.252","0.51","0.377",52.1
"Canning, Griffin",656288,"NYM","CH","Changeup",1.1,3,"270",24,"86","0.231","0.282","0.284",24.3,18.6,17.6,"0.26","0.371","0.311",41.9
"Wacha, Michael",608379,"KC","FF","4-Seam Fastball",-0.1,0,"348",31,"86","0.28","0.427","0.348",12.3,17.4,15.3,"0.327","0.565","0.412",47.5
"Houck, Tanner",656557,"BOS","SI","Sinker",-0.1,0,"298",39.8,"85","0.253","0.533","0.376",15.3,11.8,19.2,"0.278","0.55","0.386",47
"Lorenzen, Michael",547179,"KC","FF","4-Seam Fastball",-1.4,-4,"308",26.1,"85","0.256","0.487","0.338",14.2,20,17.2,"0.279","0.557","0.38",56.5
"Webb, Logan",657277,"SF","CH","Changeup",0.9,2,"264",19.5,"85","0.212","0.3","0.261",38.2,36.5,29,"0.219","0.28","0.244",46.9
"Mikolas, Miles",571945,"STL","SL","Slider",0.5,1,"257",24.8,"84","0.237","0.4","0.298",18.2,11.9,18.2,"0.282","0.488","0.34",39.4
"Schmidt, Clarke",657376,"NYY","FC","Cutter",0.3,1,"392",44.2,"84","0.268","0.451","0.355",24.8,17.9,14.4,"0.229","0.387","0.316",37.9
"Senga, Kodai",673540,"NYM","FF","4-Seam Fastball",-0.4,-1,"341",31.1,"84","0.289","0.539","0.393",19,17.9,16.5,"0.29","0.52","0.377",54.1
"Rasmussen, Drew",656876,"TB","SI","Sinker",0.9,2,"254",25.2,"84","0.197","0.289","0.268",12.8,20.2,22.4,"0.278","0.41","0.334",39
"Liberatore, Matthew",669461,"STL","FF","4-Seam Fastball",-0.9,-3,"282",25.7,"84","0.309","0.481","0.374",15.4,20.2,19.8,"0.278","0.457","0.326",45.3
"Sears, JP",676664,"ATH","ST","Sweeper",2.3,9,"373",29.9,"83","0.179","0.308","0.249",22.3,21.7,19.8,"0.178","0.288","0.228",23.3
"Elder, Bryce",693821,"ATL","SI","Sinker",-0.8,-3,"348",38.8,"83","0.273","0.494","0.352",12.7,24.1,25.3,"0.277","0.453","0.34",54.4
"Wacha, Michael",608379,"KC","CH","Changeup",3.5,10,"291",25.9,"83","0.152","0.215","0.19",30.9,25.3,18.6,"0.174","0.235","0.202",13.8
"Severino, Luis",622663,"ATH","ST","Sweeper",-0.5,-2,"331",24.2,"83","0.181","0.319","0.283",24.1,31.3,18.6,"0.222","0.355","0.301",34
"Miller, Bryce",682243,"SEA","FF","4-Seam Fastball",-0.6,-2,"346",39.7,"83","0.25","0.542","0.38",18.7,12,10.8,"0.266","0.499","0.369",39.7
"Williams, Trevor",592866,"WSH","ST","Sweeper",0.8,3,"332",29.5,"83","0.211","0.316","0.25",29.2,25.3,17.4,"0.199","0.269","0.237",22.8
"Kinley, Tyler",641755,"COL","SL","Slider",0,0,"345",58.9,"82","0.264","0.347","0.314",32.4,22,16.5,"0.28","0.417","0.335",25
"Freeland, Kyle",607536,"COL","FF","4-Seam Fastball",-2.8,-8,"294",25.5,"82","0.408","0.684","0.488",13.4,14.6,16.7,"0.328","0.547","0.38",42.4
"Priester, Quinn",682990,"MIL","SL","Slider",1.5,4,"289",29.1,"82","0.16","0.32","0.258",34,18.3,13.3,"0.2","0.31","0.255",31.1
"Bido, Osvaldo",674370,"ATH","FF","4-Seam Fastball",-2.5,-8,"322",39.8,"82","0.338","0.585","0.431",22.2,13.4,11.6,"0.308","0.591","0.436",54.4
"Kremer, Dean",665152,"BAL","FC","Cutter",1.2,3,"270",22.7,"82","0.195","0.351","0.271",22,19.5,20.5,"0.22","0.392","0.287",27.9
"Webb, Logan",657277,"SF","ST","Sweeper",-0.1,0,"384",28.4,"82","0.286","0.39","0.332",32.5,23.2,17.6,"0.241","0.341","0.264",26.7
"Skubal, Tarik",669373,"DET","SI","Sinker",2.8,9,"312",26.7,"82","0.225","0.338","0.254",23.8,19.5,33.3,"0.236","0.382","0.274",31.3
"Cannon, Jonathan",686563,"CWS","SI","Sinker",-1.7,-4,"240",22,"81","0.301","0.493","0.406",6.5,12.3,15.9,"0.297","0.515","0.376",51.6
"Liberatore, Matthew",669461,"STL","SL","Slider",1.2,3,"248",22.6,"81","0.234","0.325","0.257",35.4,33.3,23.1,"0.246","0.383","0.289",43.1
"Flaherty, Jack",656427,"DET","CU","Curveball",1.1,3,"317",26.3,"81","0.156","0.234","0.194",47.1,50.6,28.3,"0.127","0.173","0.157",25
"Knack, Landon",689017,"LAD","FF","4-Seam Fastball",-1.1,-4,"342",47.6,"81","0.294","0.632","0.438",14.9,16,13.7,"0.298","0.65","0.445",52.7
"Springs, Jeffrey",605488,"ATH","SL","Slider",-0.1,0,"333",26.7,"81","0.265","0.471","0.377",23.1,12.3,16.4,"0.307","0.523","0.401",45.8
"Greene, Hunter",668881,"CIN","SL","Slider",1.3,4,"325",33.2,"80","0.123","0.301","0.23",48.8,41.3,25,"0.147","0.284","0.235",27.5
"Berríos, José",621244,"TOR","SV","Slurve",0.1,0,"327",26.5,"80","0.183","0.352","0.279",34.3,23.8,20.4,"0.234","0.385","0.313",30.8
"Márquez, Germán",608566,"COL","CU","Curveball",-0.6,-2,"283",28.1,"80","0.215","0.38","0.292",37.9,35,22.2,"0.235","0.385","0.268",45.1
"Schwellenbach, Spencer",680885,"ATL","SL","Slider",-1.7,-4,"232",17.9,"80","0.243","0.446","0.32",30.3,23.8,19.8,"0.237","0.35","0.275",36.8
"Rogers, Tyler",643511,"SF","SI","Sinker",3.3,9,"279",71,"80","0.184","0.237","0.202",19.1,20,24.2,"0.235","0.291","0.253",38.3
"Leiter, Jack",683004,"TEX","FF","4-Seam Fastball",1,3,"276",29.4,"80","0.127","0.19","0.257",22.8,27.5,16.5,"0.181","0.335","0.321",41.5
"Lodolo, Nick",666157,"CIN","CU","Curveball",-1.5,-5,"353",28,"80","0.243","0.429","0.332",35.6,35,18.7,"0.163","0.335","0.266",37.2
"Keller, Mitch",656605,"PIT","ST","Sweeper",1.6,4,"252",19.4,"80","0.192","0.269","0.224",24.1,26.3,20.6,"0.183","0.336","0.231",36.8
"Lodolo, Nick",666157,"CIN","FF","4-Seam Fastball",-0.4,-2,"362",28.7,"80","0.224","0.408","0.296",19.4,25,16.9,"0.256","0.506","0.335",42.1
"Smith, Cade",671922,"CLE","FF","4-Seam Fastball",1.8,6,"338",70.7,"80","0.159","0.246","0.238",30.8,36.3,34.1,"0.168","0.261","0.249",43.9
"Alcantara, Sandy",645261,"MIA","FF","4-Seam Fastball",-1.4,-4,"277",24.9,"80","0.309","0.574","0.396",15.6,23.8,17,"0.276","0.527","0.371",63.5
"Skenes, Paul",694973,"PIT","FS","Split-Finger",0.8,2,"299",21.7,"79","0.225","0.366","0.315",25.3,13.9,19.3,"0.261","0.388","0.322",43.3
"Ortiz, Luis L.",682847,"CLE","SL","Slider",-0.7,-2,"322",26.8,"79","0.2","0.386","0.306",40.1,34.2,20.9,"0.205","0.418","0.304",45.5
"Gray, Sonny",543243,"STL","SI","Sinker",1.7,4,"246",21.5,"79","0.26","0.425","0.325",13,26.6,27.6,"0.256","0.411","0.316",44.2
"Mize, Casey",663554,"DET","FS","Split-Finger",-0.8,-2,"245",26.1,"79","0.263","0.382","0.318",34.7,29.1,21.3,"0.208","0.311","0.24",37.7
"Allen, Logan",671106,"CLE","ST","Sweeper",-1,-3,"307",28.1,"78","0.203","0.333","0.302",23.5,28.2,18.3,"0.178","0.335","0.267",29.2
"Imanaga, Shota",684007,"CHC","FS","Split-Finger",2.1,5,"237",34.2,"78","0.184","0.263","0.224",30.6,23.1,20.9,"0.237","0.421","0.291",36.2
"Martin, Davis",663436,"CWS","FC","Cutter",-1.2,-4,"296",25.6,"78","0.246","0.507","0.368",23,16.7,19.4,"0.284","0.587","0.397",40.4
"Jobe, Jackson",695549,"DET","SL","Slider",0.2,0,"268",30.6,"78","0.232","0.348","0.297",26.4,19.2,16.1,"0.21","0.4","0.303",38.2
"Brown, Hunter",686613,"HOU","SI","Sinker",0.8,2,"298",24,"78","0.273","0.364","0.343",18.9,15.4,18.2,"0.289","0.365","0.349",16.7
"Eovaldi, Nathan",543135,"TEX","FF","4-Seam Fastball",1.5,5,"307",28.8,"78","0.25","0.389","0.294",11.6,12.8,11.2,"0.314","0.541","0.385",46.9
"Jansen, Kenley",445276,"LAA","FC","Cutter",1.6,5,"292",80.9,"78","0.197","0.338","0.271",22.8,15.4,16.9,"0.251","0.516","0.357",47.5
"Smith-Shawver, AJ",700363,"ATL","FS","Split-Finger",2,5,"242",34,"77","0.143","0.171","0.19",39.7,42.9,25.8,"0.173","0.276","0.238",27
"Márquez, Germán",608566,"COL","SI","Sinker",-1.4,-4,"258",25.6,"77","0.352","0.507","0.409",6.3,0,0,"0.331","0.505","0.384",49.3
"Castillo, Luis",622491,"SEA","SI","Sinker",0.3,1,"250",20.2,"77","0.311","0.419","0.338",13,3.9,5.9,"0.343","0.485","0.37",50.7
"Imanaga, Shota",684007,"CHC","FF","4-Seam Fastball",-2,-7,"340",49.1,"76","0.266","0.594","0.409",19.5,9.2,7.5,"0.308","0.69","0.459",44.8
"Birdsong, Hayden",806185,"SF","FF","4-Seam Fastball",1.2,4,"299",40.7,"76","0.177","0.403","0.297",23.9,19.7,17.4,"0.202","0.434","0.333",42
"Martin, Davis",663436,"CWS","FF","4-Seam Fastball",1.5,5,"352",30.5,"76","0.159","0.275","0.243",23.5,23.7,15.4,"0.223","0.389","0.3",39.2
"Hurter, Brant",676428,"DET","SI","Sinker",1.5,4,"265",52.2,"76","0.25","0.328","0.321",11,11.8,16.1,"0.301","0.416","0.358",43.9
"Mize, Casey",663554,"DET","FF","4-Seam Fastball",0.7,2,"313",33.3,"75","0.221","0.412","0.308",20.9,21.3,19.8,"0.239","0.505","0.348",51.9
"Lodolo, Nick",666157,"CIN","SI","Sinker",-0.4,-1,"256",20.3,"75","0.369","0.462","0.406",16.8,14.7,17.2,"0.358","0.484","0.402",56.4
"Kremer, Dean",665152,"BAL","FF","4-Seam Fastball",-1.6,-5,"299",25.2,"75","0.333","0.522","0.394",16.6,18.7,13.6,"0.309","0.536","0.387",54.5
"Ray, Robbie",592662,"SF","SL","Slider",1.1,3,"310",23.6,"75","0.197","0.31","0.244",32.4,29.3,22.2,"0.222","0.33","0.262",59.2
"Doval, Camilo",666808,"SF","SL","Slider",2,5,"257",53.1,"75","0.176","0.191","0.226",37.3,32,27.9,"0.198","0.249","0.24",34.1
"Dreyer, Jack",676263,"LAD","SL","Slider",2,5,"241",43.6,"74","0.194","0.254","0.218",29.7,28.4,23.9,"0.194","0.265","0.229",40.8
"Freeland, Kyle",607536,"COL","ST","Sweeper",0.1,0,"194",16.8,"74","0.211","0.282","0.275",31.1,33.8,23.8,"0.232","0.348","0.266",45.7
"Mlodzinski, Carmen",669387,"PIT","FF","4-Seam Fastball",-1.8,-5,"252",36.7,"74","0.317","0.571","0.425",18.1,16.2,13.8,"0.282","0.486","0.381",47.1
"Bassitt, Chris",605135,"TOR","FC","Cutter",1.6,4,"260",19.9,"74","0.167","0.375","0.23",26.2,39.2,25.7,"0.177","0.389","0.249",27.9
"Scott, Tanner",656945,"LAD","FF","4-Seam Fastball",0.3,1,"273",56.6,"74","0.236","0.5","0.309",23.4,23,19.5,"0.279","0.513","0.343",51.8
"Luzardo, Jesús",666200,"PHI","ST","Sweeper",1.2,4,"345",26.3,"73","0.224","0.358","0.286",47.5,47.9,32.7,"0.162","0.253","0.221",34.4
"Romano, Jordan",605447,"PHI","SL","Slider",0.1,0,"250",60.8,"73","0.258","0.394","0.312",31.8,31.5,27.7,"0.202","0.339","0.269",34.1
"Rasmussen, Drew",656876,"TB","FC","Cutter",2.8,8,"304",30.1,"73","0.157","0.257","0.199",25.9,17.8,14.9,"0.23","0.327","0.258",42.1
"Luzardo, Jesús",666200,"PHI","CH","Changeup",-0.9,-2,"242",18.4,"72","0.292","0.369","0.343",29.9,18.1,16.3,"0.253","0.333","0.297",26.9
"Martinez, Nick",607259,"CIN","CH","Changeup",-0.1,0,"234",20.6,"72","0.206","0.368","0.263",32.2,25,19.6,"0.208","0.313","0.244",21.6
"Morejon, Adrian",670970,"SD","SI","Sinker",2,5,"232",57.9,"72","0.242","0.288","0.261",14,16.7,22.2,"0.228","0.285","0.25",28.6
"Sterner, Justin",686993,"ATH","FF","4-Seam Fastball",0,0,"280",54.1,"72","0.232","0.411","0.349",27.3,22.2,18,"0.21","0.406","0.341",45.2
"Pagán, Emilio",641941,"CIN","FF","4-Seam Fastball",1.1,3,"264",60.7,"72","0.156","0.375","0.286",27,26.4,21.1,"0.211","0.528","0.351",53.3
"Pallante, Andre",669467,"STL","SL","Slider",0.8,2,"291",25.5,"72","0.185","0.292","0.253",33.6,25,18,"0.264","0.364","0.312",44.7
"Patrick, Chad",694477,"MIL","SI","Sinker",0.5,1,"254",20.4,"72","0.238","0.349","0.31",9.8,16.7,17.6,"0.258","0.401","0.334",56.9
"Bradley, Taj",671737,"TB","FS","Split-Finger",-0.1,0,"231",20,"71","0.222","0.302","0.265",26.2,22.5,18.6,"0.207","0.307","0.248",34
"Flaherty, Jack",656427,"DET","SL","Slider",0.2,1,"289",24,"71","0.206","0.413","0.322",31,22.5,18.6,"0.291","0.537","0.39",53.2
"Chivilli, Angel",683409,"COL","FF","4-Seam Fastball",-2.4,-5,"227",46.4,"71","0.323","0.548","0.426",12.5,7,15.2,"0.356","0.574","0.437",49.1
"Koenig, Jared",657649,"MIL","SI","Sinker",0.6,2,"266",59.1,"71","0.233","0.333","0.314",20.6,23.9,22.4,"0.197","0.286","0.268",33.3
"Fried, Max",608331,"NYY","SI","Sinker",1.1,3,"249",18.8,"71","0.219","0.313","0.329",23.6,16.9,23.1,"0.246","0.377","0.312",46.2
"Vest, Will",676684,"DET","FF","4-Seam Fastball",1.5,5,"320",58.5,"71","0.182","0.288","0.237",23.6,29.6,18.4,"0.209","0.367","0.277",51.1
"Morton, Charlie",450203,"BAL","FF","4-Seam Fastball",-1.9,-6,"323",31.1,"71","0.211","0.509","0.368",25,26.8,18.4,"0.187","0.433","0.336",43.6
"Blanco, Ronel",669854,"HOU","SL","Slider",2.5,6,"250",31.5,"71","0.179","0.269","0.221",42.4,35.2,25.3,"0.188","0.302","0.237",28.6
"King, Bryan",687911,"HOU","FF","4-Seam Fastball",1.4,4,"261",59.5,"70","0.234","0.359","0.297",28.1,27.1,22.4,"0.24","0.365","0.297",28.3
"Berríos, José",621244,"TOR","CH","Changeup",-0.2,0,"202",16.3,"70","0.226","0.419","0.322",37.8,32.9,27.1,"0.223","0.502","0.347",38.5
"Lively, Ben",594902,"CLE","SI","Sinker",0.9,2,"207",28.8,"70","0.27","0.333","0.309",13.9,22.9,18.8,"0.23","0.321","0.283",42.6
"Harrison, Kyle",690986,"SF","FF","4-Seam Fastball",1.9,5,"253",65.2,"70","0.175","0.317","0.258",27.5,31.4,22.2,"0.213","0.393","0.3",43.9
"Cannon, Jonathan",686563,"CWS","FC","Cutter",0.1,0,"286",26.2,"70","0.279","0.492","0.375",24.5,17.1,26.7,"0.286","0.502","0.382",44.9
"Harris, Hogan",663687,"ATH","FF","4-Seam Fastball",0.2,0,"252",54.8,"70","0.246","0.316","0.333",19.1,22.9,19.5,"0.27","0.378","0.352",26.2
"Houck, Tanner",656557,"BOS","ST","Sweeper",-1.9,-5,"265",35.4,"70","0.305","0.492","0.401",32.4,22.9,18.4,"0.28","0.426","0.365",38.6
"King, Michael",650633,"SD","SI","Sinker",2.9,8,"258",28,"70","0.164","0.209","0.225",15.5,34.3,33.8,"0.179","0.291","0.222",39.5
"Pfaadt, Brandon",694297,"AZ","SI","Sinker",1.4,3,"222",18.1,"70","0.265","0.412","0.304",10.4,20,20.9,"0.334","0.521","0.375",66.7
"Francis, Bowden",670102,"TOR","FS","Split-Finger",-3.1,-8,"242",22.7,"69","0.263","0.596","0.408",35.9,29,19.6,"0.276","0.571","0.407",47.4
"Cruz, Fernando",518585,"NYY","FS","Split-Finger",1.8,5,"249",58.6,"69","0.164","0.269","0.213",59,53.6,37,"0.137","0.225","0.17",40
"Hernández, Carlos",672578,"PHI","FF","4-Seam Fastball",-0.5,-1,"246",56.2,"69","0.316","0.439","0.393",14.8,14.5,15.6,"0.274","0.507","0.394",46.8
"Martinez, Nick",607259,"CIN","FF","4-Seam Fastball",1.1,3,"260",22.8,"69","0.258","0.355","0.284",13.1,15.9,13.1,"0.273","0.381","0.309",37
"Estévez, Carlos",608032,"KC","FF","4-Seam Fastball",2.4,6,"239",54.6,"69","0.169","0.203","0.242",19.8,30.4,28,"0.197","0.339","0.296",36.8
"Leiter, Jack",683004,"TEX","SL","Slider",0.9,2,"259",27.6,"69","0.203","0.422","0.294",22.6,13,11.3,"0.25","0.495","0.341",32.7
"Okert, Steven",595345,"HOU","SL","Slider",3.8,9,"239",54.6,"68","0.127","0.175","0.144",45,44.1,37.5,"0.163","0.272","0.2",33.3
"Ferguson, Tyler",621053,"ATH","FF","4-Seam Fastball",0.2,0,"192",37.4,"68","0.231","0.423","0.351",21.2,19.1,20.3,"0.226","0.432","0.352",38.1
"King, John",667463,"STL","SI","Sinker",0.5,1,"236",65.7,"68","0.262","0.344","0.324",17.4,10.3,12.7,"0.286","0.386","0.331",44.4
"Ortiz, Luis L.",682847,"CLE","SI","Sinker",2.3,5,"219",18.2,"68","0.266","0.266","0.284",15.6,17.6,28.6,"0.286","0.352","0.301",57.7
"Canning, Griffin",656288,"NYM","FF","4-Seam Fastball",-0.3,-1,"399",35.5,"68","0.237","0.475","0.348",19.1,27.9,18.4,"0.245","0.522","0.366",53.7
"Irvin, Jake",663623,"WSH","SI","Sinker",1.3,3,"243",18.9,"68","0.281","0.313","0.316",7.9,8.8,18.8,"0.272","0.401","0.312",41.4
"Lorenzen, Michael",547179,"KC","CH","Changeup",-1.1,-2,"217",18.4,"68","0.241","0.448","0.351",37.9,25,19.1,"0.172","0.297","0.273",19.5
"Littell, Zack",641793,"TB","FF","4-Seam Fastball",1,3,"305",24.9,"67","0.2","0.477","0.294",18.5,14.9,13.7,"0.252","0.549","0.347",40
"Abreu, Bryan",650556,"HOU","SL","Slider",0.9,2,"224",48,"67","0.19","0.276","0.296",42.7,35.8,34.3,"0.215","0.339","0.299",41.2
"Williams, Gavin",668909,"CLE","ST","Sweeper",0.9,3,"281",23.3,"67","0.177","0.226","0.23",43.5,43.3,25,"0.165","0.292","0.242",33.3
"Green, Chad",643338,"TOR","FF","4-Seam Fastball",-1.6,-4,"227",52.2,"67","0.302","0.54","0.37",25.4,23.9,24.6,"0.266","0.543","0.361",61.7
"Mikolas, Miles",571945,"STL","FF","4-Seam Fastball",-0.3,-1,"295",28.5,"67","0.311","0.525","0.388",16.2,9,7.7,"0.296","0.679","0.434",50.9
"Burnes, Corbin",669203,"AZ","CU","Curveball",1.4,3,"194",19.2,"67","0.164","0.23","0.231",43.8,43.3,30.5,"0.13","0.198","0.189",34.4
"Vesia, Alex",681911,"LAD","FF","4-Seam Fastball",0.9,2,"270",53.9,"67","0.197","0.426","0.3",26.6,35.8,22.6,"0.204","0.489","0.326",51.4
"Detmers, Reid",672282,"LAA","FF","4-Seam Fastball",1.3,3,"249",46.9,"67","0.254","0.322","0.306",34.1,35.8,30.8,"0.224","0.326","0.292",34.3
"Fluharty, Mason",689254,"TOR","FC","Cutter",2.1,5,"253",60.2,"67","0.138","0.172","0.228",27.9,29.9,27.8,"0.205","0.288","0.274",35.9
"Olson, Reese",681857,"DET","SI","Sinker",-0.7,-2,"248",31,"66","0.321","0.377","0.399",3.3,7.6,12.2,"0.311","0.491","0.412",47.9
"Vargas, Carlos",672841,"SEA","SI","Sinker",1.3,3,"271",57.2,"66","0.305","0.305","0.319",18.4,13.6,25,"0.228","0.283","0.267",43.1
"King, Michael",650633,"SD","CH","Changeup",2.8,6,"200",21.7,"66","0.164","0.164","0.179",31,22.7,25.9,"0.188","0.293","0.235",27.7
"Uribe, Abner",682842,"MIL","SL","Slider",2,5,"238",47.8,"66","0.167","0.183","0.205",49.1,48.5,31.1,"0.152","0.172","0.192",14.3
"Jobe, Jackson",695549,"DET","FF","4-Seam Fastball",-0.7,-2,"273",31.1,"66","0.296","0.519","0.395",14.2,9.1,7.7,"0.295","0.503","0.389",46
"Smith, Shane",681343,"CWS","CH","Changeup",1.6,4,"234",21.6,"66","0.123","0.175","0.22",35,25.8,20.7,"0.224","0.304","0.291",47.5
"Megill, Tylor",656731,"NYM","SL","Slider",-0.3,-1,"282",24.5,"66","0.22","0.271","0.273",46.9,37.9,22.9,"0.181","0.268","0.259",38.2
"Allen, Logan",671106,"CLE","FF","4-Seam Fastball",-1.6,-5,"305",28,"66","0.358","0.566","0.436",18.2,12.1,11.6,"0.272","0.438","0.377",38.3
"Gonsolin, Tony",664062,"LAD","FF","4-Seam Fastball",-0.9,-2,"245",40.2,"66","0.291","0.527","0.407",23.5,12.1,12.9,"0.288","0.542","0.409",48.9
"Palencia, Daniel",694037,"CHC","FF","4-Seam Fastball",1.7,5,"269",73.1,"66","0.169","0.254","0.238",23.7,28.8,23.2,"0.273","0.438","0.344",52.5
"Johnson, Pierce",572955,"ATL","CU","Curveball",-0.7,-2,"285",69.7,"66","0.258","0.468","0.321",27,22.7,15.6,"0.233","0.456","0.313",41.7
"Fairbanks, Pete",664126,"TB","FF","4-Seam Fastball",1.2,3,"262",54.8,"65","0.214","0.286","0.317",23.6,15.4,15.6,"0.267","0.364","0.333",52.2
"Miller, Shelby",571946,"AZ","FF","4-Seam Fastball",1.2,3,"276",63.9,"65","0.263","0.298","0.294",27.1,20,18.8,"0.285","0.435","0.349",48.9
"Senzatela, Antonio",622608,"COL","SL","Slider",-1.7,-4,"253",22.5,"65","0.328","0.59","0.412",24.3,13.8,13,"0.306","0.584","0.386",39.6
"Eisert, Brandon",685126,"CWS","SL","Slider",-1.4,-3,"201",40.7,"65","0.271","0.492","0.338",30.2,24.6,27.1,"0.225","0.427","0.31",34.1
"Stanek, Ryne",592773,"NYM","FF","4-Seam Fastball",0,0,"251",62.3,"65","0.271","0.407","0.344",20.8,20,15.5,"0.257","0.448","0.336",39.1
"Heaney, Andrew",571760,"PIT","CH","Changeup",2,4,"204",18,"65","0.148","0.246","0.196",18.9,10.8,13.5,"0.251","0.365","0.284",27.3
"Pivetta, Nick",601713,"SD","CU","Curveball",0.8,2,"244",21.5,"65","0.23","0.311","0.257",19.6,24.6,20,"0.265","0.436","0.316",30.4
"Vásquez, Randy",681190,"SD","SI","Sinker",5.1,9,"177",15.8,"65","0.155","0.155","0.2",3.3,6.2,15.4,"0.291","0.509","0.378",48.1
"Little, Brendon",663893,"TOR","CU","Curveball",1.6,4,"265",47.2,"65","0.15","0.183","0.203",58.3,58.5,28.6,"0.125","0.173","0.172",50
"Peralta, Freddy",642547,"MIL","CH","Changeup",1.8,5,"266",19.9,"64","0.186","0.203","0.229",34.6,25,21.6,"0.198","0.256","0.236",27.9
"Megill, Tylor",656731,"NYM","SI","Sinker",-1.1,-2,"225",19.5,"64","0.255","0.345","0.355",15.8,15.6,18.5,"0.255","0.402","0.329",47.8
"Patrick, Chad",694477,"MIL","FF","4-Seam Fastball",0.2,0,"303",24.3,"64","0.276","0.379","0.338",24.8,26.6,14.5,"0.242","0.386","0.307",31.7
"Bubic, Kris",663460,"KC","ST","Sweeper",2.4,6,"241",20.1,"64","0.175","0.206","0.191",26.1,29.7,23.2,"0.202","0.25","0.203",29.5
"Cannon, Jonathan",686563,"CWS","CH","Changeup",-0.4,-1,"232",21.2,"64","0.22","0.373","0.302",25,25,15.8,"0.24","0.395","0.304",39.5
"Strider, Spencer",675911,"ATL","FF","4-Seam Fastball",-1.2,-3,"238",54.5,"64","0.259","0.519","0.388",14.7,12.5,15.1,"0.275","0.547","0.389",42.6
"Nola, Aaron",605400,"PHI","CU","Curveball",-0.9,-2,"247",28.6,"64","0.31","0.466","0.37",33.3,29.7,20,"0.282","0.411","0.335",41
"Finnegan, Kyle",640448,"WSH","FF","4-Seam Fastball",1.5,4,"248",65.4,"64","0.182","0.273","0.273",19,21.9,17.9,"0.218","0.353","0.304",39.5
"Hernández, Daysbel",678226,"ATL","SL","Slider",0,0,"265",58.4,"63","0.216","0.275","0.307",32.7,15.9,11.5,"0.232","0.331","0.33",31.7
"Bradley, Taj",671737,"TB","FC","Cutter",0.2,1,"246",21.3,"63","0.259","0.379","0.31",32.5,17.5,21.6,"0.258","0.47","0.339",38.3
"Povich, Cade",700249,"BAL","CU","Curveball",-2.4,-6,"239",21.8,"63","0.31","0.5","0.41",25.7,22.2,16.5,"0.263","0.487","0.348",43.2
"Kerkering, Orion",689147,"PHI","ST","Sweeper",0.3,1,"254",56.3,"63","0.22","0.356","0.284",23.6,17.5,15.7,"0.232","0.365","0.273",26.5
"López, Pablo",641154,"MIN","CH","Changeup",-1.9,-4,"218",21.6,"63","0.259","0.466","0.339",26.6,22.2,14.7,"0.223","0.463","0.322",25
"Pfaadt, Brandon",694297,"AZ","ST","Sweeper",-1.6,-4,"264",21.6,"63","0.255","0.527","0.389",31.9,28.6,17.6,"0.238","0.44","0.339",45.9
"Fedde, Erick",607200,"STL","ST","Sweeper",-0.3,-1,"289",25,"63","0.151","0.302","0.279",27.2,19,12.8,"0.233","0.499","0.365",31
"Pepiot, Ryan",686752,"TB","SL","Slider",-0.1,0,"279",21.7,"63","0.258","0.452","0.323",20.6,7.9,7.2,"0.285","0.452","0.32",29.8
"Thompson, Ryan",657044,"AZ","SI","Sinker",-0.6,-1,"204",50.5,"63","0.383","0.483","0.41",21.4,14.3,20.5,"0.296","0.42","0.326",45.1
"Rodriguez, Eduardo",593958,"AZ","CH","Changeup",-3,-6,"194",20.9,"62","0.362","0.586","0.418",28.6,12.9,17.8,"0.311","0.49","0.353",26.9
"Horton, Cade",690990,"CHC","FF","4-Seam Fastball",-0.9,-2,"252",51.1,"62","0.362","0.466","0.373",11.8,11.3,13,"0.349","0.57","0.401",42.3
"Dreyer, Jack",676263,"LAD","FF","4-Seam Fastball",1.7,4,"237",42.9,"62","0.216","0.314","0.301",20.2,17.7,19.6,"0.189","0.264","0.278",41.5
"Freeland, Kyle",607536,"COL","CU","Curveball",0.6,1,"252",21.8,"62","0.211","0.246","0.245",36.9,29,16.8,"0.18","0.249","0.215",37.5
"Wentz, Joey",666214,"PIT","FF","4-Seam Fastball",-1.5,-3,"229",50.1,"62","0.255","0.412","0.377",17.3,12.9,10.5,"0.318","0.555","0.428",54.5
"Rodríguez, Manuel",655889,"TB","SL","Slider",3.5,8,"214",49.7,"62","0.158","0.193","0.179",29.6,25.8,23.9,"0.22","0.315","0.252",34.9
"Montgomery, Mason",682254,"TB","FF","4-Seam Fastball",-3.1,-7,"232",59.5,"62","0.34","0.56","0.457",27.5,25.8,23.5,"0.297","0.491","0.402",48.6
"Brazobán, Huascar",623211,"NYM","CH","Changeup",-1.6,-3,"202",37,"62","0.241","0.481","0.361",33.9,30.6,20.9,"0.24","0.441","0.342",51.4
"Walker, Ryan",676254,"SF","SI","Sinker",-0.2,-1,"260",61.6,"61","0.327","0.4","0.358",9.7,21.3,20,"0.286","0.393","0.326",32.6
"Rodríguez, Randy",678495,"SF","SL","Slider",3.5,7,"193",47.2,"61","0.15","0.217","0.183",38.9,41,39.1,"0.18","0.262","0.198",45.7
"Meyer, Max",676974,"MIA","FF","4-Seam Fastball",-2.7,-6,"231",22.2,"61","0.315","0.63","0.433",14,13.1,13.1,"0.347","0.703","0.471",52.2
"Megill, Trevor",656730,"MIL","FF","4-Seam Fastball",0.7,2,"237",65.7,"61","0.235","0.333","0.313",14.8,16.4,15.9,"0.307","0.563","0.409",34.9
"Schwellenbach, Spencer",680885,"ATL","FS","Split-Finger",2.2,4,"190",14.6,"61","0.14","0.158","0.158",37.6,39.3,21.8,"0.225","0.274","0.239",35.3
"Soroka, Michael",647336,"WSH","FF","4-Seam Fastball",-0.6,-2,"261",43.9,"61","0.263","0.579","0.389",20.6,18,15.5,"0.244","0.439","0.316",47.8
"Soriano, José",667755,"LAA","CU","Curveball",0.4,1,"337",25.7,"61","0.204","0.241","0.284",37.2,29.5,18.9,"0.192","0.29","0.264",11.1
"Verlander, Justin",434378,"SF","SL","Slider",-1.3,-3,"203",23.6,"61","0.268","0.429","0.334",33.6,26.2,16.3,"0.203","0.343","0.259",39
"Peterson, David",656849,"NYM","FF","4-Seam Fastball",-0.3,-1,"293",23.7,"61","0.296","0.481","0.37",22.4,21.3,14.6,"0.344","0.579","0.423",50
"Martinez, Nick",607259,"CIN","FC","Cutter",-0.4,-1,"213",18.7,"61","0.278","0.574","0.403",17.1,14.8,26.5,"0.291","0.526","0.388",46.7
"Lee, Dylan",669276,"ATL","SL","Slider",3.2,8,"252",57.4,"61","0.086","0.241","0.162",42.4,34.4,25.3,"0.147","0.294","0.211",35.1
"Akin, Keegan",669211,"BAL","FF","4-Seam Fastball",-1.4,-3,"248",51.8,"61","0.313","0.479","0.417",19.2,19.7,13.8,"0.247","0.398","0.365",44.4
"Castillo, Luis",622491,"SEA","SL","Slider",-1.2,-3,"276",22.3,"60","0.268","0.482","0.348",33.9,30,19.1,"0.297","0.52","0.37",41
"Bird, Jake",656234,"COL","SI","Sinker",0.6,1,"216",35.5,"60","0.255","0.353","0.318",20.6,13.3,17.4,"0.307","0.408","0.375",54.5
"Bubic, Kris",663460,"KC","CH","Changeup",2.2,5,"241",20.1,"60","0.115","0.115","0.202",38.5,30,22.2,"0.173","0.204","0.237",35.3
"Sugano, Tomoyuki",608372,"BAL","ST","Sweeper",0.9,2,"209",18.3,"60","0.237","0.356","0.263",19.3,8.3,6.9,"0.256","0.356","0.27",38.9
"Legumina, Casey",668984,"SEA","FF","4-Seam Fastball",-1.8,-4,"230",56,"60","0.298","0.489","0.411",26.5,18.3,15.1,"0.287","0.437","0.389",43.2
"Blewett, Scott",656240,"BAL","SL","Slider",-1.4,-3,"186",42.5,"59","0.278","0.463","0.365",38.9,22,27.1,"0.23","0.365","0.291",43.9
"Rodón, Carlos",607074,"NYY","CH","Changeup",1.2,2,"212",15.6,"59","0.2","0.255","0.226",40.2,30.5,22.5,"0.221","0.312","0.257",31.6
"Orze, Eric",679358,"TB","FS","Split-Finger",0.9,2,"189",47.1,"59","0.236","0.291","0.264",30,27.1,21.9,"0.198","0.294","0.244",30.8
"Falter, Bailey",663559,"PIT","SI","Sinker",2.9,6,"207",18.5,"59","0.185","0.222","0.216",11.2,8.5,8.9,"0.236","0.325","0.272",36
"Uribe, Abner",682842,"MIL","SI","Sinker",0.6,1,"252",50.6,"59","0.28","0.4","0.358",18.2,15.3,22,"0.31","0.468","0.382",48.8
"Keller, Mitch",656605,"PIT","SL","Slider",-0.7,-2,"207",15.9,"59","0.333","0.426","0.364",29.7,15.3,17,"0.316","0.424","0.351",42.2
"Beeks, Jalen",656222,"AZ","CH","Changeup",4,9,"229",42.9,"59","0.055","0.055","0.093",37,28.8,20.2,"0.152","0.188","0.185",15.8
"Wilson, Bryse",669060,"CWS","FC","Cutter",-4.6,-9,"205",24.6,"59","0.442","0.673","0.535",16.2,10.2,15.4,"0.4","0.656","0.483",38.3
"Suter, Brent",608718,"CIN","FF","4-Seam Fastball",2.2,5,"214",43.8,"59","0.259","0.407","0.316",13.7,10.2,10.9,"0.263","0.478","0.341",34.7
"Alcantara, Sandy",645261,"MIA","CH","Changeup",-0.9,-2,"254",22.9,"59","0.235","0.353","0.314",34.5,15.3,12.5,"0.231","0.325","0.301",21.4
"Williams, Devin",642207,"NYY","CH","Changeup",1,2,"246",53.5,"58","0.226","0.321","0.274",34.1,27.6,20.3,"0.252","0.407","0.328",30.8
"Mears, Nick",683232,"MIL","FF","4-Seam Fastball",0.8,2,"228",58,"58","0.218","0.364","0.281",13.3,15.5,10.5,"0.333","0.557","0.39",48.9
"Blanco, Ronel",669854,"HOU","FF","4-Seam Fastball",-1.7,-5,"283",35.6,"58","0.267","0.6","0.432",16.8,10.3,9.2,"0.24","0.487","0.388",45
"Hader, Josh",623352,"HOU","SI","Sinker",1.2,3,"239",53.7,"58","0.16","0.34","0.265",34,34.5,23.8,"0.152","0.276","0.244",25.8
"Kelly, Merrill",518876,"AZ","FF","4-Seam Fastball",-0.8,-2,"313",24.6,"58","0.245","0.66","0.399",23.7,24.1,20,"0.248","0.588","0.379",53.8
"Montero, Keider",672456,"DET","FF","4-Seam Fastball",-1.5,-3,"215",29.6,"58","0.34","0.491","0.39",15.2,15.5,17,"0.312","0.502","0.377",31.8
"Weaver, Luke",596133,"NYY","FF","4-Seam Fastball",2,4,"208",58.4,"58","0.151","0.283","0.216",26.1,25.9,25.4,"0.206","0.442","0.304",53.8
"Kremer, Dean",665152,"BAL","SI","Sinker",0.2,0,"230",19.4,"58","0.32","0.46","0.388",7.5,15.5,17.6,"0.315","0.507","0.399",41.5
"Casparius, Ben",676508,"LAD","ST","Sweeper",1.3,3,"216",32.1,"58","0.214","0.25","0.23",30.3,34.5,20.2,"0.24","0.341","0.258",32.4
"Junis, Jakob",596001,"CLE","SL","Slider",0.7,2,"246",47.5,"58","0.25","0.339","0.26",31.1,27.6,20,"0.261","0.4","0.287",36.6
"Adam, Jason",592094,"SD","CH","Changeup",0.5,1,"190",33.7,"58","0.229","0.313","0.32",32.3,22.4,22.4,"0.208","0.362","0.308",36.1
"Bibee, Tanner",676440,"CLE","SI","Sinker",0.6,1,"175",14.1,"58","0.291","0.4","0.327",10.1,22.4,27.7,"0.218","0.315","0.254",35.7
"Taillon, Jameson",592791,"CHC","ST","Sweeper",-3.2,-6,"190",16.6,"58","0.268","0.571","0.373",32.3,22.4,14.9,"0.216","0.406","0.271",22.7
"Suarez, Robert",663158,"SD","FF","4-Seam Fastball",3,8,"253",58.6,"58","0.135","0.173","0.184",18.3,27.6,21.9,"0.236","0.468","0.332",54.1
"Muñoz, Andrés",662253,"SEA","SL","Slider",3.8,9,"227",51.4,"58","0.073","0.073","0.104",53.6,46.6,32.1,"0.134","0.199","0.161",27.6
"Abbott, Andrew",671096,"CIN","CH","Changeup",2.2,5,"209",20.9,"58","0.127","0.273","0.21",28.1,19,17.2,"0.233","0.455","0.311",22.7
"Quantrill, Cal",615698,"MIA","FS","Split-Finger",-1,-2,"231",22.1,"57","0.259","0.37","0.306",25,17.5,10.9,"0.263","0.359","0.291",34.1
"Newcomb, Sean",656794,"ATH","FF","4-Seam Fastball",1.5,4,"252",27.7,"57","0.231","0.288","0.27",24.2,36.8,27.3,"0.217","0.38","0.292",41.9
"Beeks, Jalen",656222,"AZ","FF","4-Seam Fastball",-1.1,-2,"232",43.4,"57","0.32","0.52","0.418",23.1,17.5,16.7,"0.288","0.462","0.368",52.5
"Helsley, Ryan",664854,"STL","FF","4-Seam Fastball",-2.3,-5,"197",46.8,"57","0.426","0.532","0.458",16.2,12.3,14.3,"0.343","0.495","0.413",58.5
"Quantrill, Cal",615698,"MIA","FC","Cutter",1.6,3,"206",19.7,"57","0.255","0.431","0.336",23.8,29.8,27.4,"0.265","0.449","0.346",47.1
"Vasil, Mike",678024,"CWS","SI","Sinker",1.9,4,"209",31.9,"57","0.216","0.275","0.271",13.1,14,24.2,"0.237","0.335","0.294",27.9
"Cabrera, Edward",665795,"MIA","CH","Changeup",-1.3,-3,"215",25.3,"57","0.264","0.358","0.332",26.5,29.8,23.3,"0.272","0.388","0.311",47.2
"Díaz, Edwin",621242,"NYM","FF","4-Seam Fastball",2.4,5,"229",52.3,"57","0.089","0.156","0.205",37.6,38.6,34.4,"0.159","0.279","0.291",48
"Whitlock, Garrett",676477,"BOS","SI","Sinker",0.2,0,"272",45.3,"56","0.283","0.391","0.353",32.8,26.8,20,"0.233","0.422","0.339",46.9
"Leasure, Jordan",673929,"CWS","FF","4-Seam Fastball",-2.8,-7,"243",54.6,"56","0.292","0.625","0.415",20,21.4,16,"0.273","0.54","0.381",45.9
"Wilson, Bryse",669060,"CWS","SI","Sinker",0.8,2,"198",23.8,"56","0.308","0.404","0.339",8.5,12.5,17.5,"0.347","0.488","0.384",51.1
"Peralta, Wandy",593974,"SD","SI","Sinker",-0.1,0,"189",40.6,"56","0.261","0.348","0.363",16,14.3,18.2,"0.322","0.5","0.403",38.5
"Kochanowicz, Jack",686799,"LAA","FF","4-Seam Fastball",-0.4,-1,"209",19,"56","0.213","0.383","0.325",23.3,28.6,20.3,"0.243","0.501","0.374",58.1
"Hicks, Jordan",663855,"SF","ST","Sweeper",-0.4,-1,"264",32,"56","0.245","0.408","0.348",44,25,18.9,"0.179","0.287","0.262",25.7
"Smith, Shane",681343,"CWS","SL","Slider",-0.8,-2,"187",17.3,"56","0.25","0.423","0.348",22.9,21.4,18.8,"0.238","0.409","0.304",45
"Bazardo, Eduard",660825,"SEA","SL","Slider",2.2,6,"256",47.1,"56","0.154","0.212","0.185",20.9,16.1,11.7,"0.205","0.299","0.244",22.7
"Schmidt, Clarke",657376,"NYY","CU","Curveball",1.4,3,"184",20.8,"56","0.137","0.176","0.188",33.3,42.9,26.4,"0.153","0.189","0.197",29.6
"Parker, Mitchell",680730,"WSH","FS","Split-Finger",-1.1,-2,"204",18.1,"56","0.269","0.481","0.34",30.1,17.9,12.5,"0.28","0.467","0.337",41.9
"Wheeler, Zack",554430,"PHI","SI","Sinker",-2.5,-5,"201",15.5,"56","0.358","0.66","0.471",14.1,21.4,21.8,"0.289","0.494","0.354",31.7
"Warren, Will",701542,"NYY","ST","Sweeper",-0.7,-2,"249",23.7,"55","0.34","0.532","0.409",34.1,23.6,16,"0.263","0.434","0.343",40
"Ober, Bailey",641927,"MIN","SL","Slider",-1.8,-3,"182",16.5,"55","0.34","0.56","0.446",26.2,10.9,12.5,"0.335","0.517","0.394",54.5
"Santana, Dennis",642701,"PIT","SL","Slider",2.3,4,"197",48.9,"55","0.154","0.173","0.192",36.1,29.1,20,"0.174","0.276","0.219",25
"Alexander, Scott",518397,"COL","SI","Sinker",-2.3,-4,"177",65.6,"55","0.319","0.617","0.455",13.1,5.5,8.8,"0.34","0.651","0.458",52.3
"Allen, Logan",671106,"CLE","CH","Changeup",-0.5,-1,"181",16.6,"55","0.245","0.34","0.271",25,20,16.2,"0.25","0.405","0.294",26.2
"Keller, Mitch",656605,"PIT","SI","Sinker",-0.4,-1,"208",16,"55","0.333","0.529","0.395",9.1,12.7,17.9,"0.277","0.394","0.318",52.3
"Peralta, Wandy",593974,"SD","CH","Changeup",0.1,0,"185",39.8,"55","0.231","0.346","0.274",35.8,21.8,20,"0.234","0.409","0.296",35
"Wilson, Steven",621051,"CWS","ST","Sweeper",2,4,"215",59.4,"55","0.13","0.239","0.22",27.3,18.2,14.9,"0.23","0.442","0.333",26.3
"Miller, Mason",695243,"ATH","FF","4-Seam Fastball",-0.2,0,"218",57.8,"55","0.222","0.533","0.377",35.3,34.5,30.2,"0.207","0.478","0.355",55.6
"Steele, Justin",657006,"CHC","FF","4-Seam Fastball",1.2,2,"176",56.2,"55","0.212","0.365","0.258",16.3,21.8,27.9,"0.29","0.482","0.338",56.1
"Kranick, Max",668820,"NYM","FF","4-Seam Fastball",-0.3,-1,"190",40.3,"55","0.275","0.353","0.299",25,16.4,16.7,"0.264","0.384","0.326",39.5
"Spence, Mitch",687765,"ATH","SL","Slider",1.1,2,"223",28.7,"55","0.204","0.367","0.292",40.5,27.3,23.8,"0.216","0.36","0.295",29.4
"Montero, Rafael",606160,"ATL","FS","Split-Finger",-0.3,-1,"204",46.8,"54","0.2","0.311","0.3",37.6,25.9,17.7,"0.189","0.278","0.284",29
"Anderson, Tyler",542881,"LAA","FC","Cutter",0.6,2,"269",22,"54","0.208","0.333","0.257",17.9,9.3,7.4,"0.234","0.343","0.278",28.9
"Lugo, Seth",607625,"KC","FF","4-Seam Fastball",-0.5,-1,"240",23.3,"54","0.224","0.531","0.343",14.1,14.8,10.8,"0.291","0.638","0.412",47.6
"Berríos, José",621244,"TOR","FF","4-Seam Fastball",-0.8,-2,"247",20,"54","0.304","0.457","0.394",19,18.5,17.9,"0.238","0.379","0.32",45.9
"Varland, Louis",686973,"MIN","FF","4-Seam Fastball",2.9,6,"213",47,"54","0.229","0.271","0.253",20.2,24.1,27.7,"0.241","0.329","0.276",54.1
"Zerpa, Angel",672582,"KC","SI","Sinker",1.3,3,"219",43.5,"54","0.271","0.396","0.341",5.1,13,10.6,"0.265","0.369","0.322",41.5
"Anderson, Grant",681982,"MIL","ST","Sweeper",1.1,2,"218",39.4,"54","0.14","0.32","0.25",32.4,22.2,19.7,"0.213","0.372","0.27",28.2
"Ashcraft, Graham",668933,"CIN","SL","Slider",1.7,4,"216",39.8,"54","0.173","0.269","0.2",40.7,50,29.7,"0.144","0.183","0.152",38.5
"Ginn, J.T.",669372,"ATH","SI","Sinker",0.1,0,"186",55.5,"54","0.292","0.458","0.365",16.4,22.2,20.3,"0.313","0.506","0.388",55.6
"Nola, Aaron",605400,"PHI","SI","Sinker",0.7,1,"176",20.4,"54","0.286","0.327","0.311",11.7,24.1,21,"0.264","0.33","0.298",50
"Keller, Brad",641745,"CHC","FF","4-Seam Fastball",2.7,6,"222",44.3,"54","0.24","0.26","0.258",16.5,20.4,20,"0.215","0.315","0.262",33.3
"Gaddis, Hunter",683769,"CLE","SL","Slider",1.5,4,"238",51.5,"54","0.2","0.28","0.237",35.8,33.3,19.8,"0.208","0.313","0.251",30.3
"Henry, Cole",669371,"WSH","FF","4-Seam Fastball",2.3,4,"182",47.9,"54","0.136","0.227","0.256",35.8,33.3,31.6,"0.149","0.281","0.278",30.8
"Kranick, Max",668820,"NYM","SL","Slider",2.3,4,"183",38.9,"53","0.216","0.353","0.261",15.2,9.4,15.2,"0.296","0.507","0.355",47.8
"Latz, Jacob",656641,"TEX","FF","4-Seam Fastball",0.5,1,"186",48.7,"53","0.255","0.489","0.345",27.8,24.5,22,"0.261","0.508","0.354",54.3
"Kelly, Merrill",518876,"AZ","FC","Cutter",2.4,6,"245",19.3,"53","0.1","0.24","0.173",18.7,26.4,28,"0.249","0.502","0.336",47.2
"Myers, Tobias",668964,"MIL","FF","4-Seam Fastball",-1.2,-2,"179",48.6,"53","0.333","0.467","0.388",14.1,17,18.8,"0.277","0.451","0.358",43.2
"Little, Brendon",663893,"TOR","SI","Sinker",0.3,1,"262",46.6,"53","0.233","0.349","0.37",38.5,17,30,"0.278","0.426","0.376",47.1
"Lugo, Seth",607625,"KC","CU","Curveball",0.7,2,"238",23.1,"53","0.275","0.294","0.271",21.8,18.9,12.8,"0.299","0.366","0.304",51.2
"Soroka, Michael",647336,"WSH","SV","Slurve",1.9,4,"208",35,"53","0.16","0.34","0.237",29.5,37.7,27.8,"0.181","0.25","0.214",30
"Baker, Bryan",641329,"BAL","FF","4-Seam Fastball",0.6,1,"233",51.3,"53","0.204","0.449","0.305",31.7,39.6,29.2,"0.249","0.568","0.367",64.3
"Gray, Sonny",543243,"STL","FF","4-Seam Fastball",0.6,1,"220",19.2,"53","0.354","0.479","0.395",20,5.7,11.5,"0.419","0.658","0.483",48.9
"Newcomb, Sean",656794,"ATH","SV","Slurve",0.5,1,"190",20.9,"53","0.224","0.327","0.265",24.1,41.5,22.4,"0.201","0.299","0.252",32.1
"Weissert, Greg",669711,"BOS","FF","4-Seam Fastball",3.3,6,"175",36.2,"53","0.14","0.22","0.186",26.2,32.1,25.4,"0.157","0.29","0.218",42.4
"Casparius, Ben",676508,"LAD","FF","4-Seam Fastball",0.7,2,"224",33.3,"53","0.229","0.375","0.287",33.6,30.2,24.2,"0.232","0.473","0.322",27.3
"De Los Santos, Enyel",660853,"ATL","FF","4-Seam Fastball",0.3,1,"200",44.1,"53","0.255","0.404","0.348",18.6,22.6,21.4,"0.282","0.526","0.381",51.4
"Woods Richardson, Simeon",680573,"MIN","SL","Slider",-0.7,-2,"212",27.1,"53","0.3","0.48","0.342",23.1,22.6,15.2,"0.268","0.465","0.319",35.9
"McCullers Jr., Lance",621121,"HOU","SL","Slider",-1,-2,"204",34.5,"53","0.214","0.357","0.356",28.7,30.2,21.3,"0.171","0.301","0.305",42.3
"Skenes, Paul",694973,"PIT","ST","Sweeper",2.2,5,"215",15.6,"52","0.118","0.176","0.156",29.9,32.7,20,"0.166","0.236","0.183",20.6
"Cabrera, Edward",665795,"MIA","SI","Sinker",-0.6,-1,"198",23.3,"52","0.354","0.583","0.415",9.1,5.8,8.8,"0.334","0.577","0.411",42.2
"Severino, Luis",622663,"ATH","FC","Cutter",-0.1,0,"245",17.9,"52","0.295","0.409","0.371",20.2,3.8,10,"0.314","0.466","0.377",32.6
"Boyd, Matthew",571510,"CHC","SL","Slider",-0.8,-2,"199",16.9,"52","0.222","0.311","0.295",33.7,36.5,19.2,"0.234","0.298","0.294",30.8
"Leiter, Jack",683004,"TEX","SI","Sinker",2,4,"203",21.6,"52","0.234","0.298","0.278",17.5,17.3,22,"0.333","0.54","0.404",52.6
"Brieske, Beau",689225,"DET","FF","4-Seam Fastball",0.7,1,"199",49.1,"52","0.286","0.333","0.322",21.3,19.2,23.3,"0.207","0.33","0.314",48.6
"Abreu, Bryan",650556,"HOU","FF","4-Seam Fastball",1.6,4,"239",51.2,"52","0.156","0.2","0.229",35.6,25,23.2,"0.292","0.491","0.382",56.3
"Feltner, Ryan",663372,"COL","FF","4-Seam Fastball",-0.1,0,"195",37.4,"52","0.311","0.378","0.346",15.2,9.6,9.4,"0.251","0.33","0.312",42.5
"Dobbins, Hunter",690928,"BOS","SL","Slider",-0.8,-2,"202",27,"52","0.294","0.529","0.357",30.3,15.4,22.9,"0.354","0.616","0.418",60.5
"Wesneski, Hayden",669713,"HOU","FF","4-Seam Fastball",-0.3,-1,"182",35.8,"52","0.289","0.511","0.382",15.5,17.3,16.1,"0.285","0.519","0.381",43.2
"Holmes, Clay",605280,"NYM","ST","Sweeper",-0.2,0,"217",18.7,"52","0.188","0.313","0.285",27.6,30.8,21.1,"0.181","0.259","0.228",28.1
"Weathers, Ryan",677960,"MIA","FF","4-Seam Fastball",-0.4,-1,"197",48.5,"52","0.222","0.4","0.351",17.5,11.5,11.8,"0.213","0.403","0.311",35
"Bednar, David",670280,"PIT","FF","4-Seam Fastball",-0.5,-1,"179",47.5,"52","0.283","0.522","0.368",24.7,26.9,25.5,"0.276","0.564","0.382",51.5
"Holman, Grant",680880,"ATH","FF","4-Seam Fastball",-0.9,-2,"176",46.8,"52","0.267","0.444","0.358",19.7,19.2,23.3,"0.311","0.57","0.416",62.9
"Pomeranz, Drew",519141,"CHC","FF","4-Seam Fastball",4.4,8,"177",80.1,"52","0.125","0.146","0.164",23.1,28.8,31.9,"0.224","0.433","0.311",42.4
"Bachar, Lake",669199,"MIA","FF","4-Seam Fastball",-1.5,-3,"182",39.1,"52","0.263","0.553","0.424",21.7,15.4,20,"0.265","0.563","0.434",64.5
"Williams, Gavin",668909,"CLE","CU","Curveball",-0.4,-1,"229",19,"51","0.146","0.22","0.269",33.7,37.3,19,"0.237","0.341","0.326",30.4
"Kremer, Dean",665152,"BAL","CU","Curveball",-0.8,-1,"176",14.8,"51","0.306","0.51","0.335",20,9.8,12.8,"0.282","0.444","0.31",32.6
"Cantillo, Joey",676282,"CLE","FF","4-Seam Fastball",-3.3,-7,"212",41,"51","0.295","0.682","0.465",12.2,25.5,24.1,"0.301","0.65","0.441",61.3
"Sousa, Bennett",656986,"HOU","SL","Slider",1.5,3,"173",53.6,"51","0.146","0.292","0.214",56.8,51,41.9,"0.133","0.282","0.205",40.9
"Jax, Griffin",643377,"MIN","ST","Sweeper",0.9,2,"209",42.3,"51","0.275","0.333","0.285",37.3,41.2,25.6,"0.246","0.343","0.254",43.3
"Littell, Zack",641793,"TB","SI","Sinker",0.3,1,"171",14,"51","0.265","0.612","0.385",10,5.9,15.8,"0.283","0.54","0.361",39.1
"Banda, Anthony",607455,"LAD","SL","Slider",0.7,2,"222",45.7,"51","0.133","0.222","0.221",37.8,29.4,22.7,"0.179","0.385","0.292",30
"Rogers, Taylor",573124,"CIN","SI","Sinker",0.3,1,"190",50.8,"51","0.238","0.31","0.285",11.5,15.7,13.6,"0.284","0.475","0.362",45.9
"Walker, Taijuan",592836,"PHI","FC","Cutter",0.8,2,"223",27.5,"51","0.209","0.442","0.351",20.2,19.6,28.6,"0.174","0.268","0.26",35.3
"Holmes, Clay",605280,"NYM","SL","Slider",-0.2,0,"179",15.4,"51","0.265","0.51","0.329",30.5,21.6,21.6,"0.289","0.582","0.376",43.6
"Hancock, Emerson",676106,"SEA","CH","Changeup",-1.5,-3,"198",22.5,"51","0.222","0.422","0.31",23.6,17.6,13.6,"0.288","0.528","0.375",35.1
"Kikuchi, Yusei",579328,"LAA","CH","Changeup",-1,-2,"173",13,"51","0.24","0.34","0.261",25.3,25.5,18.1,"0.257","0.441","0.305",35.1
"Alexander, Tyler",641302,"CWS","FF","4-Seam Fastball",0.3,0,"178",26.6,"51","0.239","0.37","0.305",16.7,15.7,13.1,"0.262","0.492","0.356",52.6
"Senga, Kodai",673540,"NYM","FC","Cutter",1.3,3,"220",20,"50","0.233","0.279","0.346",19.2,4,9.1,"0.273","0.344","0.328",46.3
"Hoglund, Gunnar",680684,"ATH","FF","4-Seam Fastball",0.3,1,"196",35.8,"50","0.233","0.558","0.366",17.2,12,10.9,"0.345","0.765","0.481",55.3
"Murdock, Noah",668716,"ATH","SI","Sinker",-1.3,-3,"209",53.3,"50","0.308","0.41","0.415",19.3,22,18.6,"0.235","0.349","0.353",35.7
"Fried, Max",608331,"NYY","CU","Curveball",-0.5,-1,"198",15,"50","0.229","0.333","0.262",33.8,40,23.8,"0.184","0.327","0.236",28.6
"Bird, Jake",656234,"COL","SL","Slider",2.1,5,"244",40.1,"50","0.159","0.227","0.249",35,40,28.6,"0.12","0.166","0.192",16.7
"Cantillo, Joey",676282,"CLE","CH","Changeup",0.5,1,"191",36.9,"50","0.186","0.256","0.281",46.9,32,28.6,"0.202","0.24","0.262",22.2
"Gallen, Zac",668678,"AZ","CH","Changeup",1.7,3,"188",14.2,"50","0.136","0.159","0.217",31.1,10,9.6,"0.23","0.36","0.305",43.6
"Green, Chad",643338,"TOR","SL","Slider",-1.7,-4,"201",46.2,"50","0.239","0.5","0.342",26.6,18,14.1,"0.284","0.578","0.391",40.5
"Zeferjahn, Ryan",666171,"LAA","FC","Cutter",-0.2,0,"236",50.8,"50","0.286","0.548","0.408",31.9,24,25,"0.308","0.597","0.432",56.7
"Brown, Hunter",686613,"HOU","CH","Changeup",0.3,1,"176",14.2,"50","0.196","0.37","0.276",24.4,22,20,"0.252","0.408","0.316",28.6
"Bibee, Tanner",676440,"CLE","ST","Sweeper",1.7,4,"217",17.5,"50","0.149","0.298","0.237",30,28,15.7,"0.183","0.312","0.239",36.4
"Valdez, Framber",664285,"HOU","CH","Changeup",-0.6,-1,"206",17.1,"50","0.224","0.469","0.317",30.2,28,23,"0.23","0.464","0.3",51.4
"Díaz, Edwin",621242,"NYM","SL","Slider",0.3,1,"209",47.7,"50","0.217","0.326","0.29",41.1,40,30.3,"0.148","0.198","0.193",26.9
"Lucas, Easton",687922,"TOR","FF","4-Seam Fastball",1,2,"182",49.5,"50","0.233","0.372","0.321",26.4,28,20.9,"0.241","0.483","0.36",55.2
"Lauer, Eric",641778,"TOR","FF","4-Seam Fastball",3.6,7,"209",44.8,"50","0.087","0.109","0.135",25.9,34,23.9,"0.139","0.26","0.211",41.4
"Uceta, Edwin",670955,"TB","CH","Changeup",0.6,1,"172",38,"50","0.229","0.333","0.248",29.7,24,17.9,"0.319","0.551","0.399",43.2
"Quantrill, Cal",615698,"MIA","FF","4-Seam Fastball",-1.7,-4,"240",23,"50","0.333","0.6","0.412",20.6,18,11,"0.258","0.486","0.345",37.8
"Bender, Anthony",669622,"MIA","ST","Sweeper",3.4,6,"184",44.6,"50","0.085","0.149","0.136",24.1,26,22.8,"0.138","0.24","0.192",32.4
"Bido, Osvaldo",674370,"ATH","SL","Slider",-0.3,-1,"191",23.6,"49","0.214","0.429","0.304",33.7,24.5,16.9,"0.246","0.52","0.353",40.6
"Scott, Tanner",656945,"LAD","SL","Slider",1.3,3,"209",43.4,"49","0.261","0.283","0.27",39.3,36.7,21.7,"0.192","0.226","0.213",35.7
"Williams, Devin",642207,"NYY","FF","4-Seam Fastball",-0.7,-2,"214",46.5,"49","0.243","0.351","0.365",34.9,30.6,24.2,"0.211","0.3","0.338",40.9
"Alvarado, José",621237,"PHI","SI","Sinker",0.6,1,"214",63.3,"49","0.319","0.426","0.345",11.5,18.4,18.8,"0.285","0.463","0.331",59
"Doval, Camilo",666808,"SF","FC","Cutter",1,2,"220",45.5,"49","0.175","0.25","0.271",14.3,12.2,15.4,"0.282","0.467","0.383",42.9
"Bivens, Spencer",702352,"SF","SI","Sinker",-1,-2,"171",34.8,"49","0.286","0.476","0.38",7,16.3,22.2,"0.251","0.436","0.35",35.3
"Bello, Brayan",678394,"BOS","ST","Sweeper",-0.2,0,"248",27.1,"49","0.195","0.341","0.31",23.8,30.6,16.5,"0.239","0.525","0.371",44.4
"Webb, Jacob",657097,"TEX","FF","4-Seam Fastball",-0.1,0,"202",43.3,"49","0.237","0.395","0.386",21.4,22.4,18,"0.23","0.39","0.355",42.9
"Corbin, Patrick",571578,"TEX","FC","Cutter",0,0,"187",19.6,"49","0.209","0.535","0.355",16.1,10.2,14.3,"0.264","0.512","0.373",31.6
"Rodríguez, Yariel",684320,"TOR","SL","Slider",1.6,3,"184",35.7,"49","0.149","0.426","0.24",38.3,38.8,26,"0.149","0.384","0.24",31
"Knack, Landon",689017,"LAD","CH","Changeup",2,4,"190",26.5,"49","0.13","0.239","0.19",33.3,30.6,18.5,"0.18","0.305","0.236",38.7
"Leasure, Jordan",673929,"CWS","SL","Slider",1.3,2,"190",42.7,"48","0.209","0.372","0.294",40.6,31.3,27.3,"0.18","0.269","0.246",35.7
"Falter, Bailey",663559,"PIT","SL","Slider",-1.4,-3,"202",18.1,"48","0.239","0.478","0.338",25.5,22.9,19.6,"0.273","0.474","0.332",48.6
"Olson, Reese",681857,"DET","CH","Changeup",2.3,5,"203",25.3,"48","0.111","0.2","0.17",50.5,43.8,30.9,"0.152","0.24","0.201",29.2
"Yamamoto, Yoshinobu",808967,"LAD","CU","Curveball",-0.4,-1,"223",18.4,"48","0.244","0.341","0.339",37.6,29.2,25,"0.229","0.363","0.319",33.3
"Burke, Brock",656271,"LAA","FF","4-Seam Fastball",0.9,2,"212",46.1,"48","0.25","0.4","0.327",21.6,20.8,14.3,"0.274","0.59","0.408",53.1
"Alcala, Jorge",660896,"MIN","FF","4-Seam Fastball",-0.4,-1,"210",44,"48","0.205","0.513","0.372",28.2,29.2,19.7,"0.143","0.358","0.299",40
"Palmquist, Carson",687223,"COL","FF","4-Seam Fastball",-3.4,-6,"170",38.6,"48","0.4","0.825","0.53",13.4,16.7,23.5,"0.34","0.721","0.476",54.5
"Wheeler, Zack",554430,"PHI","ST","Sweeper",2.5,4,"178",13.7,"48","0.128","0.255","0.172",32.6,33.3,25,"0.21","0.366","0.252",32.3
"Pérez, Cionel",672335,"BAL","SI","Sinker",-3.7,-7,"187",42.8,"48","0.387","0.581","0.533",15.6,8.3,9.1,"0.226","0.337","0.398",53.6
"Bautista, Félix",642585,"BAL","SI","Sinker",-1.7,-4,"210",55.3,"48","0.242","0.485","0.429",20.9,14.6,16.7,"0.244","0.482","0.428",53.8
"Ragans, Cole",666142,"KC","CH","Changeup",0.4,1,"172",19.7,"48","0.213","0.404","0.27",48.9,35.4,30.9,"0.171","0.256","0.193",23.3
"Giolito, Lucas",608337,"BOS","CH","Changeup",-2.1,-4,"179",27,"48","0.227","0.568","0.359",19.3,14.6,11.9,"0.28","0.607","0.398",37.8
"Kremer, Dean",665152,"BAL","FS","Split-Finger",-1.6,-3,"208",17.5,"48","0.298","0.489","0.345",23.5,18.8,11,"0.261","0.419","0.298",26.3
"Duran, Jhoan",661395,"MIN","FS","Split-Finger",3.9,7,"182",36.8,"47","0.163","0.186","0.201",31.4,17,20.5,"0.19","0.241","0.232",34.3
"Strahm, Matt",621381,"PHI","FF","4-Seam Fastball",-1.6,-3,"186",40,"47","0.22","0.439","0.317",28.3,42.6,25.6,"0.172","0.366","0.279",45.5
"Mejia, Juan",675848,"COL","FF","4-Seam Fastball",-0.8,-1,"174",57.2,"47","0.275","0.425","0.362",24.7,23.4,23.4,"0.253","0.368","0.327",33.3
"Bellozo, Valente",678368,"MIA","FC","Cutter",-1.6,-3,"204",34.8,"47","0.333","0.564","0.422",20.2,17,17.4,"0.275","0.544","0.391",43.8
"Webb, Jacob",657097,"TEX","CH","Changeup",1.2,2,"171",36.7,"47","0.209","0.349","0.26",26,12.8,10.7,"0.247","0.396","0.294",23.1
"Eovaldi, Nathan",543135,"TEX","CU","Curveball",2.6,6,"228",21.4,"47","0.093","0.093","0.174",45.2,36.2,21.8,"0.151","0.219","0.204",23.1
"Holmes, Grant",656550,"ATL","CU","Curveball",0.1,0,"186",15.4,"47","0.175","0.275","0.254",37.3,40.4,25.3,"0.137","0.196","0.232",31.8
"Pfaadt, Brandon",694297,"AZ","CH","Changeup",0.5,1,"210",17.2,"46","0.256","0.349","0.292",28.6,6.5,6.1,"0.375","0.613","0.439",30
"Eovaldi, Nathan",543135,"TEX","FC","Cutter",3.2,6,"203",19.1,"46","0.174","0.304","0.203",22.7,23.9,23.9,"0.27","0.558","0.348",40
"Halvorsen, Seth",678020,"COL","FF","4-Seam Fastball",-0.3,-1,"195",47.9,"46","0.308","0.436","0.388",32.1,23.9,29.7,"0.253","0.361","0.332",50
"Vásquez, Randy",681190,"SD","ST","Sweeper",-0.9,-2,"179",16,"46","0.182","0.341","0.247",29.9,23.9,20.4,"0.21","0.376","0.267",41.2
"Chivilli, Angel",683409,"COL","CH","Changeup",-1.4,-3,"203",41.5,"46","0.238","0.405","0.332",37.3,21.7,15.9,"0.23","0.416","0.311",31.3
"Bassitt, Chris",605135,"TOR","CU","Curveball",1.3,3,"215",16.4,"46","0.171","0.244","0.237",38.2,28.3,18.1,"0.185","0.292","0.257",21.4
"Schmidt, Clarke",657376,"NYY","ST","Sweeper",2.7,4,"168",19,"46","0.093","0.163","0.133",37.3,30.4,24.6,"0.134","0.255","0.183",16.7
"Peterson, David",656849,"NYM","CH","Changeup",1.7,3,"182",14.7,"46","0.163","0.256","0.234",20.4,13,13.3,"0.25","0.332","0.281",37.8
"Mey, Luis",682825,"CIN","SI","Sinker",1.1,2,"191",78,"46","0.158","0.342","0.279",24.4,21.7,19.6,"0.225","0.404","0.351",48.3
"Booser, Cam",592155,"CWS","FF","4-Seam Fastball",1.1,2,"202",50.6,"46","0.231","0.308","0.311",25.7,26.1,18.2,"0.184","0.289","0.281",53.6
"Sánchez, Cristopher",650911,"PHI","SL","Slider",-1,-2,"194",16.8,"46","0.233","0.535","0.345",35.2,23.9,19.6,"0.256","0.568","0.368",43.8
"Uceta, Edwin",670955,"TB","FF","4-Seam Fastball",-1.6,-3,"171",37.7,"46","0.237","0.605","0.409",28.3,30.4,25.5,"0.271","0.629","0.433",58.3
"Bibee, Tanner",676440,"CLE","FC","Cutter",0.4,1,"251",20.3,"46","0.233","0.512","0.337",28.4,8.7,9.1,"0.214","0.45","0.307",41
"Brazobán, Huascar",623211,"NYM","SI","Sinker",3,6,"197",36.1,"46","0.154","0.154","0.227",17.5,15.2,25.9,"0.222","0.276","0.27",34.3
"Soto, Gregory",642397,"BAL","SI","Sinker",1.3,2,"194",50,"46","0.225","0.3","0.301",14.5,17.4,19.5,"0.231","0.301","0.282",48.5
"Povich, Cade",700249,"BAL","ST","Sweeper",-3.3,-6,"177",16.1,"46","0.317","0.634","0.433",22.1,15.2,12.7,"0.291","0.578","0.402",47.1
"Yarbrough, Ryan",642232,"NYY","FC","Cutter",0.2,0,"185",25.3,"46","0.282","0.436","0.353",17.5,10.9,13.9,"0.269","0.396","0.333",31.4
"De los Santos, Yerry",660787,"NYY","SI","Sinker",1.5,3,"165",56.3,"45","0.205","0.205","0.293",12.5,17.8,26.7,"0.258","0.294","0.302",35.5
"Hancock, Emerson",676106,"SEA","FF","4-Seam Fastball",1.5,3,"232",26.3,"45","0.214","0.31","0.249",26,26.7,15.2,"0.272","0.422","0.316",32.3
"Birdsong, Hayden",806185,"SF","SL","Slider",0.1,0,"199",27.1,"45","0.325","0.475","0.4",30.1,15.6,18.9,"0.267","0.412","0.328",41.2
"Helsley, Ryan",664854,"STL","SL","Slider",2.9,6,"191",45.4,"45","0.095","0.19","0.143",42.7,46.7,25.6,"0.129","0.223","0.171",27.3
"Walker, Taijuan",592836,"PHI","FS","Split-Finger",-0.2,0,"175",21.6,"45","0.22","0.317","0.293",19.4,15.6,13.7,"0.26","0.339","0.299",29.4
"Suárez, Ranger",624133,"PHI","SI","Sinker",1.7,3,"177",26.9,"45","0.238","0.31","0.27",2.8,20,20.5,"0.256","0.302","0.274",39.4
"Sugano, Tomoyuki",608372,"BAL","FC","Cutter",2.3,4,"183",16,"45","0.167","0.31","0.236",7.6,4.4,8.7,"0.291","0.518","0.367",37.5
"Ross, Joe",605452,"PHI","FF","4-Seam Fastball",-0.2,0,"200",37.9,"45","0.316","0.526","0.38",28.6,15.6,16.7,"0.298","0.569","0.392",33.3
"Sugano, Tomoyuki",608372,"BAL","FF","4-Seam Fastball",0,0,"190",16.6,"45","0.244","0.488","0.343",17,22.2,17.5,"0.25","0.492","0.347",38.7
"Warren, Will",701542,"NYY","SI","Sinker",-0.5,-1,"193",18.4,"45","0.333","0.5","0.382",11.4,17.8,29.6,"0.339","0.505","0.384",70.6
"Burke, Sean",680732,"CWS","CU","Curveball",0.4,1,"229",19.3,"45","0.25","0.432","0.319",23.8,17.8,14,"0.344","0.625","0.417",44.4
"Sasaki, Roki",808963,"LAD","FS","Split-Finger",-0.5,-1,"196",32.9,"45","0.158","0.237","0.252",35,31.1,16.5,"0.189","0.276","0.277",41.7
"Hader, Josh",623352,"HOU","SL","Slider",2.8,5,"183",41.1,"45","0.14","0.233","0.182",53.7,51.1,29.5,"0.127","0.171","0.153",20
"López, Pablo",641154,"MIN","ST","Sweeper",3,6,"195",19.4,"45","0.136","0.136","0.136",30.9,33.3,16.7,"0.204","0.255","0.211",17.2
"Hoffman, Jeff",656546,"TOR","FF","4-Seam Fastball",-1.2,-2,"184",39.6,"45","0.244","0.585","0.376",25.7,33.3,26.8,"0.25","0.553","0.368",46.2
"Lugo, Seth",607625,"KC","SI","Sinker",2.1,4,"171",16.6,"44","0.146","0.244","0.244",9.2,22.7,22.2,"0.252","0.39","0.304",29
"Nola, Aaron",605400,"PHI","FF","4-Seam Fastball",-3.4,-7,"220",25.5,"44","0.3","0.85","0.487",14.8,18.2,12.7,"0.334","0.815","0.493",48.5
"Okert, Steven",595345,"HOU","FF","4-Seam Fastball",1.7,3,"190",43.4,"44","0.154","0.333","0.25",29.6,22.7,25,"0.232","0.512","0.348",36.7
"Domínguez, Seranthony",622554,"BAL","FF","4-Seam Fastball",-1.3,-3,"197",46,"44","0.242","0.576","0.43",28.4,22.7,25.6,"0.225","0.48","0.397",34.8
"Ryan, Joe",657746,"MIN","FS","Split-Finger",-0.8,-1,"180",15.4,"44","0.225","0.375","0.287",23.4,22.7,14.7,"0.254","0.478","0.336",41.9
"Cecconi, Slade",677944,"CLE","FF","4-Seam Fastball",0.1,0,"170",41.1,"44","0.318","0.523","0.36",16.3,15.9,16.3,"0.342","0.626","0.41",56.8
"Chapman, Aroldis",547973,"BOS","FF","4-Seam Fastball",1.2,2,"195",47.7,"44","0.205","0.282","0.309",32.1,13.6,22.2,"0.235","0.423","0.326",42.4
"Bivens, Spencer",702352,"SF","FC","Cutter",0.2,0,"178",36.3,"44","0.231","0.41","0.319",21.4,18.2,15.7,"0.257","0.48","0.354",35.5
"Rodríguez, Randy",678495,"SF","FF","4-Seam Fastball",2.4,5,"216",52.8,"44","0.15","0.175","0.183",28,40.9,30.5,"0.188","0.312","0.256",39.1
"Olson, Reese",681857,"DET","SL","Slider",0.9,2,"189",23.6,"44","0.244","0.341","0.285",45.1,27.3,19,"0.242","0.343","0.282",48.3
"Lopez, Jacob",682052,"ATH","FF","4-Seam Fastball",-1.8,-4,"221",44.8,"44","0.273","0.636","0.453",29.5,31.8,21.9,"0.217","0.537","0.403",30
"Yates, Kirby",489446,"LAD","FF","4-Seam Fastball",1.8,3,"187",50.4,"44","0.195","0.463","0.302",35.2,36.4,27.6,"0.185","0.406","0.278",40
"Parker, Mitchell",680730,"WSH","CU","Curveball",-0.3,-1,"206",18.2,"43","0.293","0.415","0.324",26.7,27.9,17.4,"0.28","0.459","0.334",44.8
"Montero, Keider",672456,"DET","SL","Slider",-1.2,-2,"178",24.5,"43","0.25","0.525","0.359",36.4,18.6,14,"0.264","0.455","0.324",36.4
"Yates, Kirby",489446,"LAD","FS","Split-Finger",-1.8,-3,"184",49.6,"43","0.289","0.526","0.385",42.7,39.5,25.4,"0.236","0.305","0.288",47.6
"Kolek, Stephen",663568,"SD","FF","4-Seam Fastball",-1.3,-2,"180",28,"43","0.265","0.471","0.394",18.6,18.6,13.8,"0.272","0.467","0.395",57.7
"Thompson, Ryan",657044,"AZ","SL","Slider",1.3,2,"171",42.3,"43","0.15","0.375","0.251",33.3,34.9,23.1,"0.177","0.418","0.279",28
"De Los Santos, Enyel",660853,"ATL","SL","Slider",1.9,4,"189",41.6,"43","0.154","0.205","0.207",42.7,30.2,22.4,"0.168","0.275","0.236",30.8
"Gore, MacKenzie",669022,"WSH","SL","Slider",1.8,3,"176",12.9,"43","0.14","0.256","0.167",47.3,51.2,32.4,"0.14","0.265","0.171",47.6
"Bubic, Kris",663460,"KC","SL","Slider",1.5,3,"183",15.3,"43","0.231","0.359","0.294",31,18.6,32,"0.304","0.492","0.372",48.4
"Gray, Sonny",543243,"STL","CU","Curveball",1.5,3,"194",17,"42","0.154","0.256","0.213",31.8,26.2,26.8,"0.2","0.343","0.264",32.1
"Leiter Jr., Mark",643410,"NYY","SI","Sinker",0.2,0,"168",37.3,"42","0.333","0.487","0.401",12.5,14.3,27.3,"0.297","0.402","0.331",24.2
"Bellozo, Valente",678368,"MIA","FF","4-Seam Fastball",1,2,"172",29.4,"42","0.162","0.297","0.239",19.5,21.4,12.7,"0.191","0.39","0.3",35.7
"Cannon, Jonathan",686563,"CWS","FF","4-Seam Fastball",-1.6,-3,"177",16.2,"42","0.231","0.436","0.333",22,28.6,13.6,"0.194","0.336","0.258",37
"Fairbanks, Pete",664126,"TB","SL","Slider",0.6,1,"191",40,"42","0.132","0.184","0.233",25.3,23.8,15.6,"0.182","0.217","0.222",21.4
"Duran, Jhoan",661395,"MIN","FF","4-Seam Fastball",2.1,4,"179",36.2,"41","0.222","0.25","0.27",28,24.4,18.5,"0.254","0.349","0.313",53.8
"Peralta, Freddy",642547,"MIL","CU","Curveball",-0.8,-2,"179",13.4,"41","0.237","0.368","0.293",38.9,36.6,17.9,"0.196","0.279","0.24",30.4
"Pivetta, Nick",601713,"SD","ST","Sweeper",1.4,3,"208",18.3,"41","0.15","0.3","0.246",39.6,36.6,24.2,"0.162","0.313","0.213",20
"Ray, Robbie",592662,"SF","CH","Changeup",1.5,3,"175",13.3,"41","0.176","0.235","0.235",46.1,22,21.4,"0.193","0.287","0.293",46.2
"Brown, Hunter",686613,"HOU","CU","Curveball",1.8,4,"198",16,"41","0.154","0.179","0.174",34.8,43.9,25,"0.182","0.205","0.195",28.6
"Meyer, Max",676974,"MIA","CH","Changeup",-0.5,-1,"180",17.3,"40","0.211","0.368","0.314",21.3,17.5,16.3,"0.232","0.398","0.29",32.3
"Vesia, Alex",681911,"LAD","SL","Slider",0,0,"201",40.1,"40","0.216","0.514","0.333",38.1,37.5,19,"0.202","0.433","0.298",31.8
"Vásquez, Randy",681190,"SD","FF","4-Seam Fastball",0.1,0,"207",18.4,"40","0.25","0.406","0.365",11.6,10,7,"0.251","0.538","0.405",50
"Eflin, Zach",621107,"BAL","FC","Cutter",0.2,0,"166",21.6,"40","0.237","0.684","0.393",12.9,15,25,"0.218","0.522","0.328",40.6
"Rodríguez, Yariel",684320,"TOR","FF","4-Seam Fastball",0.7,2,"218",42.2,"40","0.176","0.324","0.285",16.7,12.5,11.1,"0.225","0.408","0.333",41.4
"Buehler, Walker",621111,"BOS","FF","4-Seam Fastball",-4.1,-9,"215",23,"40","0.324","0.765","0.473",13.8,20,14,"0.321","0.725","0.47",55.6
"Wilson, Justin",458677,"BOS","FF","4-Seam Fastball",0.8,1,"178",46.5,"40","0.194","0.258","0.282",37.2,30,27.3,"0.182","0.282","0.283",33.3
"Scott, Tayler",605463,"AZ","FF","4-Seam Fastball",-0.7,-1,"180",52.5,"40","0.214","0.286","0.354",30.7,17.5,12.3,"0.222","0.388","0.383",31.8
"Jacob, Alek",689690,"SD","FF","4-Seam Fastball",0.6,1,"179",40.9,"39","0.156","0.375","0.306",27.8,33.3,26,"0.189","0.404","0.33",36.8
"Banks, Tanner",621383,"PHI","SL","Slider",2.2,4,"175",35.2,"39","0.211","0.342","0.249",25.7,20.5,16,"0.299","0.497","0.348",36.7
"Cano, Yennier",666974,"BAL","SI","Sinker",1.5,3,"178",46.7,"39","0.182","0.273","0.287",25.6,25.6,22.2,"0.219","0.364","0.308",50
"Hendricks, Kyle",543294,"LAA","FF","4-Seam Fastball",-0.2,0,"172",15.2,"39","0.235","0.559","0.359",19.7,17.9,14.9,"0.232","0.533","0.354",39.3
"King, Michael",650633,"SD","FF","4-Seam Fastball",-2.3,-5,"231",25,"39","0.303","0.727","0.469",31.7,23.1,12.5,"0.28","0.684","0.448",54.2
"Ort, Kaleb",672391,"HOU","FF","4-Seam Fastball",-0.2,0,"168",55.4,"38","0.2","0.333","0.309",26.7,21.1,17,"0.205","0.42","0.337",43.5
"Merryweather, Julian",657240,"CHC","SL","Slider",0.3,0,"176",49.9,"38","0.243","0.324","0.259",28.4,28.9,20.4,"0.276","0.4","0.3",50
"Freeland, Kyle",607536,"COL","FC","Cutter",0.2,0,"172",14.9,"38","0.324","0.541","0.389",20.7,5.3,12.5,"0.394","0.761","0.493",42.9
"Hernández, Daysbel",678226,"ATL","FF","4-Seam Fastball",1.3,3,"189",41.6,"38","0.103","0.103","0.224",27.4,28.9,19.6,"0.152","0.216","0.275",42.1
"Rogers, Taylor",573124,"CIN","ST","Sweeper",-0.1,0,"183",48.9,"38","0.194","0.417","0.308",34.6,34.2,21,"0.144","0.242","0.177",25
"Adam, Jason",592094,"SD","SL","Slider",-0.1,0,"186",33,"37","0.281","0.438","0.368",44.7,32.4,36.4,"0.228","0.349","0.289",28.6
"Matsui, Yuki",673513,"SD","FF","4-Seam Fastball",0,0,"168",36.2,"37","0.194","0.452","0.361",15.6,18.9,13.7,"0.173","0.305","0.282",41.7
"Taillon, Jameson",592791,"CHC","CU","Curveball",3.7,6,"173",15.1,"37","0.083","0.083","0.094",15.4,27,15.4,"0.207","0.339","0.245",30.8
"Cabrera, Edward",665795,"MIA","CU","Curveball",-1,-2,"190",22.3,"37","0.212","0.485","0.335",36.8,43.2,25.4,"0.149","0.267","0.234",38.9
"Montero, Rafael",606160,"ATL","FF","4-Seam Fastball",1.3,3,"202",46.3,"37","0.219","0.281","0.284",25.8,18.9,13,"0.307","0.572","0.414",68
"Vásquez, Randy",681190,"SD","CU","Curveball",-1.4,-2,"169",15.1,"36","0.258","0.516","0.378",16,16.7,9.8,"0.274","0.575","0.404",36
"Ryan, Joe",657746,"MIN","ST","Sweeper",-1.3,-2,"173",14.8,"36","0.242","0.424","0.318",39.1,33.3,18.5,"0.192","0.3","0.251",33.3
"Buttó, José",676130,"NYM","FF","4-Seam Fastball",-1.2,-2,"170",29.9,"36","0.333","0.481","0.44",31.3,16.7,15.8,"0.297","0.557","0.445",52.4
"Gilbert, Logan",669302,"SEA","FF","4-Seam Fastball",3.2,5,"168",33.7,"35","0.129","0.194","0.203",24.4,25.7,22,"0.202","0.277","0.262",45.5
"Lively, Ben",594902,"CLE","FF","4-Seam Fastball",0.8,2,"207",28.8,"35","0.233","0.467","0.351",21.8,11.4,8.9,"0.283","0.588","0.412",53.8
"Sears, JP",676664,"ATH","CH","Changeup",-1.1,-2,"192",15.4,"34","0.294","0.5","0.365",22.2,5.9,11.1,"0.282","0.491","0.326",28.1
"Alexander, Tyler",641302,"CWS","FC","Cutter",-2.1,-4,"171",25.5,"34","0.379","0.552","0.467",17.8,17.6,14.6,"0.355","0.646","0.458",50
"Santillan, Tony",663574,"CIN","SL","Slider",-1.3,-2,"174",36,"34","0.267","0.5","0.349",29.7,14.7,6.8,"0.268","0.548","0.364",26.9
"Alcantara, Sandy",645261,"MIA","CU","Curveball",0,0,"170",15.3,"33","0.219","0.406","0.277",29.2,30.3,20,"0.216","0.422","0.281",40.9
"King, Michael",650633,"SD","ST","Sweeper",-2.5,-4,"174",18.9,"32","0.207","0.552","0.347",33.8,40.6,22,"0.228","0.419","0.315",37.5
"Milner, Hoby",571948,"TEX","ST","Sweeper",2.1,4,"182",37.6,"31","0.161","0.161","0.203",15.9,19.4,15,"0.254","0.513","0.323",32
"Kochanowicz, Jack",686799,"LAA","SL","Slider",-1.9,-4,"180",16.4,"30","0.4","0.52","0.43",30.3,13.3,14.3,"0.361","0.525","0.411",31.8
"Hodge, Porter",687863,"CHC","FF","4-Seam Fastball",-0.3,-1,"175",50.9,"25","0.304","0.435","0.352",26.8,28,15.9,"0.281","0.453","0.343",25